ad,media
[F5602M014] INDUSTRIAL ORGANIZATION,5
[F0601Q058] BIODIVERSITA' VEGETALE,4
[F5401Q044] ANALISI DI BIOMOLECOLE,3.5
[E3002Q030] STORIA E SVILUPPI DEGLI STRUMENTI OTTICI,3.3333333333333335
[F0802Q066] CHIMICA ORGANICA FARMACEUTICA,3
[E2701Q039] MATEMATICA III,3
[E1401A039] DIRITTO DELL'ESECUZIONE CIVILE,3
[A5810071] ORGANIZZAZIONE INTERNAZIONALE,3
[E2702Q089] CHIMICA FISICA II E LABORATORIO,2.8620689655172415
[E3002Q006] FISICA I,2.84
[E1901R090] GEOGRAFIA CULTURALE,2.8
[E3002Q033] OTTICA GEOMETRICA E OFTALMICA CON LABORATORIO,2.676470588235294
[E3002Q032] ANATOMIA E ISTOLOGIA UMANA E OCULARE,2.6153846153846154
[F4901N003] COMUNICAZIONE PER IL TURISMO,2.5
[E3301M183] LINGUA- TEDESCO,2.5
[A5810076] DIRITTO ECCLESIASTICO COMPARATO,2.5
[E4101B001] ANALISI MATEMATICA I,2.489130434782609
[I0302D003] ORGANI E FUNZIONI,2.4814814814814814
[E1803M047] MATEMATICA GENERALE I,2.4491017964071857
[I0302D009] MICROBIOLOGIA CLINICA,2.4285714285714284
[I0301D001] SCIENZE PROPEDEUTICHE,2.4
[I0303D001] SCIENZE PROPEDEUTICHE,2.375
[I0302D001] SCIENZE PROPEDEUTICHE,2.375
[E3002Q034] OPTOMETRIA AVANZATA CON LABORATORIO,2.3636363636363638
[E2702Q087] CHIMICA ANALITICA E LABORATORIO,2.3333333333333335
[A5810137] TUTELA INTERNAZIONALE DEI DIRITTI UMANI,2.3333333333333335
[A5810107] DIRITTO PENALE DELL'AMBIENTE,2.3333333333333335
[E4101B002] ALGEBRA LINEARE,2.2714285714285714
[K0101D014] INGLESE A LIVELLO B2,2.25
[F7401Q051] GEORISORSE MINERARIE E LAPIDEI,2.25
[I0301D002] SCIENZE BIOMEDICHE,2.2
[E2401P076] STORIA DELLA FILOSOFIA,2.2
[E2701Q036] FISICA I CON LABORATORIO,2.1470588235294117
[E3101Q129] METODI ALGEBRICI PER L'INFORMATICA,2.142857142857143
[H4601D016] SCIENZE MEDICHE AFFINI,2.130434782608696
[E3201Q001] MATEMATICA I,2.130434782608696
[E1803M051] MATEMATICA PER LA FINANZA,2.1176470588235294
[E2702Q082] CHIMICA GENERALE E LABORATORIO,2.097560975609756
[E4102B005] STATISTICA I,2.094736842105263
[F1601M084] INVESTMENT BANKING,2.090909090909091
[E4102B002] ALGEBRA LINEARE,2.087719298245614
[I0301D003] ORGANI E FUNZIONI,2.076923076923077
[E4102B081] STATISTICA II,2.0625
[I0302D002] SCIENZE BIOMEDICHE,2.0555555555555554
[E2001R004] ETNOLINGUISTICA,2.0483870967741935
[E3001Q054] ELEMENTI DI ASTROFISICA,2.0476190476190474
[E1802M007] RAGIONERIA GENERALE ED APPLICATA,2.046666666666667
[E4102B067] INFORMATICA,2.0120481927710845
[H4601D033] INFORMATICA DI BASE,2
[H4601D017] IGIENE E MEDICINA PREVENTIVA,2
[H4601D001] SCIENZE PROPEDEUTICHE,2
[H4101D005] INGLESE DI BASE A LIVELLO B2,2
[F8801N042] GEOGRAFIA POLITICA,2
[F8204B008] ANALISI DI MERCATO M,2
[F8203B030] INTRODUZIONE ALL'INFERENZA STATISTICA,2
[F8203B004] CALCOLO DELLE PROBABILITA',2
[F7702M043] STORIA DELL'IMPRESA,2
[F7601M060] DIRITTO DEL TURISMO PROGREDITO,2
[F7601M056] LINGUA FRANCESE PER LE SCIENZE TURISTICHE,2
[F5602M002] QUANTITATIVE METHODS,2
[F5401Q048] CHIMICA AMBIENTALE,2
[F5301Q035] SUPERFICI E INTERFACCE,2
[F5301Q024] TERMODINAMICA E CINETICA DEI MATERIALI,2
[F5301Q011] INTERAZIONE RADIAZIONE IONIZZANTE-MATERIA,2
[F4901N075] ECOLOGIA,2
[F4001Q095] METODI MATEMATICI PER L?ANALISI ECONOMICA ? OTTIMIZZAZIONE E ANALISI CONVESSA,2
[F4001Q055] ANALISI SUPERIORE,2
[F1701Q131] LABORATORIO DI FISICA DEI PLASMI I,2
[F1701Q118] FISICA DEI SEMICONDUTTORI,2
[F0802Q064] NEUROBIOCHIMICA,2
[F0601Q061] PATOLOGIE DEL METABOLISMO,2
[F0101R025] CULTURE E SOCIETÀ DELL'AFRICA,2
[E3501Q008] ANALISI MATEMATICA II,2
[E3101Q119] INGEGNERIA DEL SOFTWARE,2
[E2701Q034] CHIMICA GENERALE E INORGANICA CON LABORATORIO,2
[E1901R100] STORIA DELLA FILOSOFIA CONTEMPORANEA,2
[E1401A082] POLITICA ECONOMICA,2
[E1401A080] DIRITTO DELL'UNIONE EUROPEA,2
[A5810080] DIRITTO COMPARATO DELLE OBBLIGAZIONI E DEI CONTRATTI,2
[A5810053] DIRITTO DELL'ESECUZIONE CIVILE,2
[G8501R012] ISTITUZIONI E DIDATTICA DELLA MATEMATICA CON LABORATORIO,1.9610389610389611
[E2701Q001] MATEMATICA I,1.9565217391304348
[LING] LINGUA INGLESE,1.9516129032258065
[F5103P003] PSICOLOGIA DELLO SVILUPPO COGNITIVO,1.9411764705882353
[E1801M032] INFORMATICA GENERALE,1.9197080291970803
[F1601M055] STRATEGIE DI INVESTIMENTO,1.9166666666666667
[E3101Q101] COMPLEMENTI DI MATEMATICA,1.9132947976878614
[E3301M131] METODI MATEMATICI,1.90990990990991
[F5701R030] ORGANIZZAZIONE DELL'AZIENDA INTERNAZIONALE,1.9090909090909092
[A5810070] MEDICINA LEGALE,1.9047619047619047
[E2701Q044] CHIMICA DEI MATERIALI CERAMICI,1.9
[I0101D004] FISIOLOGIA UMANA,1.8950617283950617
[E0201Q057] ANALISI DI FUNZIONI GENICHE,1.875
[E3901N003] ISTITUZIONI DI DIRITTO PUBBLICO,1.8644067796610169
[E4102B009] ANALISI MATEMATICA II,1.8636363636363635
[A5810058] DIRITTO INTERNAZIONALE DEI CONFLITTI ARMATI,1.8571428571428572
[E2701Q037] FISICA II,1.8461538461538463
[E4101B038] STATISTICA II,1.8421052631578947
[E1801M047] MATEMATICA GENERALE,1.8421052631578947
"[E1501N054] MUSICA, SPETTACOLO E TERRITORIO",1.8421052631578947
[E3401Q001] MATEMATICA,1.8405797101449275
[H4101D253] FISIOLOGIA UMANA,1.84
[E3101Q104] ARCHITETTURA DEGLI ELABORATORI,1.836734693877551
[E3301M155] CONTABILITA' DEGLI ENTI PUBBLICI,1.8333333333333333
[E3002Q031] FISICA III CON LABORATORIO,1.8333333333333333
[E1803M046] ECONOMIA AZIENDALE,1.8333333333333333
[E1401A040] CRIMINOLOGIA,1.8333333333333333
[A5810227] DIRITTO COSTITUZIONALE,1.832
[E1401A005] DIRITTO COSTITUZIONALE,1.831578947368421
[E1301Q009] CHIMICA GENERALE,1.8205128205128205
[F7601M011] GEOGRAFIA DEL TURISMO,1.8181818181818181
[E3501Q062] STATISTICA MATEMATICA,1.8181818181818181
[F9201P009] PSICOLOGIA DEI CONSUMI,1.8125
[E1802M005] ISTITUZIONI DI DIRITTO PUBBLICO,1.8125
[E3401Q051] GEOFISICA,1.8085106382978724
[E4101B005] STATISTICA I,1.8070175438596492
[F1701Q097] FISICA DELLO STATO SOLIDO,1.8
[A5810017] DIRITTO PROCESSUALE CIVILE,1.7938144329896908
[E2702Q001] MATEMATICA I,1.7916666666666667
[E4101B023] ECONOMIA INDUSTRIALE,1.7906976744186047
[E2701Q035] CHIMICA ORGANICA,1.7894736842105263
[E0201Q001] MATEMATICA,1.7887323943661972
[E0201Q065] BIOCHIMICA SISTEMATICA UMANA,1.7884615384615385
[E3301M150] DIRITTO INTERNAZIONALE ED EUROPEO DELL'ECONOMIA,1.7857142857142858
[A5810018] PROCEDURA PENALE,1.7837837837837838
[I0101D015] ELEMENTI DI ORGANIZZAZIONE PROFESSIONALE,1.7820512820512822
[F7701M080] BILANCI DELLE SOCIETA' E DEI GRUPPI,1.7790697674418605
[I0102D007] SCIENZE UMANE,1.7777777777777777
[F8203B006] BASI DI DATI,1.7777777777777777
[E1401A078] ISTITUZIONI DI DIRITTO PRIVATO,1.7777777777777777
[A5810019] ISTITUZIONI DI DIRITTO PRIVATO,1.773972602739726
[F0901D029] BIOTECNOLOGIE IN DIAGNOSTICA,1.7692307692307692
[E3401Q039] PRINCIPI DI GEOLOGIA,1.7692307692307692
[A5810130] DIRITTO DELL'UNIONE EUROPEA,1.7681159420289856
[E3201Q076] ECOLOGIA,1.76
[G8501R006] ISTITUZIONI DI MATEMATICHE,1.7529411764705882
[I0303D007] PATOLOGIA,1.75
[I0303D002] SCIENZE BIOMEDICHE,1.75
[F7702M044] INDUSTRIAL ECONOMICS,1.75
[F7502Q006] INTERNATIONAL LAW OF THE SEA AND MARINE ENVIRONMENT PROTECTION,1.75
[F7501Q046] ECOLOGIA DEL PAESAGGIO,1.75
[F1801Q105] DATA AND TEXT MINING,1.75
[E4102B054] STATISTICA MEDICA,1.75
[E3101Q127] PROBABILITA' E STATISTICA PER L'INFORMATICA,1.75
[A5810043] DIRITTO DELL'INFORMAZIONE E DELLA COMUNICAZIONE,1.7419354838709677
[E3201Q106] CHIMICA ANALITICA,1.7407407407407407
[F0601Q073] CITOGENETICA,1.7391304347826086
[F0802Q050] NANOBIOTECNOLOGIE,1.736842105263158
[E1802M131] LINGUA - FRANCESE,1.736842105263158
[E1803M058] LINGUA - FRANCESE,1.7352941176470589
[E2004P013] PSICOLOGIA DELL'ARTE,1.7346938775510203
[A5810134] FONDAMENTI ROMANISTICI DEL DIRITTO PRIVATO EUROPEO,1.7333333333333334
[I0302D008] SCIENZE DI LABORATORIO,1.7272727272727273
[E1401A085] ELEMENTI DI PROCEDURA PENALE,1.7272727272727273
[F5102P017] PSICOLOGIA DEI CONSUMI,1.7246376811594204
[E2702Q085] CHIMICA ORGANICA I,1.7222222222222223
[E1301Q059] ECOLOGIA APPLICATA,1.7222222222222223
[E2004P044] PSICOLOGIA SOCIALE DELLA COMUNICAZIONE,1.72
[E1801M050] LINGUA - FRANCESE,1.72
[E3201Q069] BOTANICA,1.71875
[E1801M028] ELEMENTI DI CONTABILITÀ E BILANCIO,1.7184466019417475
[E3501Q003] ALGEBRA I,1.7142857142857142
[A5810057] DIRITTO INDUSTRIALE,1.7142857142857142
[E1801M004] ISTITUZIONI DI DIRITTO PUBBLICO,1.7123287671232876
[E3002Q011] OTTICA DELLA CONTATTOLOGIA GENERALE,1.7083333333333333
[F7601M052] PROGRAMMAZIONE ECONOMICO-TERRITORIALE E POLITICHE DEL TURISMO,1.7058823529411764
[E4102B001] ANALISI MATEMATICA I,1.702127659574468
[I0102D902] METODOLOGIA CLINICA NELLE SCIENZE OSTETRICO-GINECOLOGICHE E NEONATALI,1.7
[E2004P005] PSICOLOGIA SOCIALE,1.7
[E0201Q075] BIOTECNOLOGIE CELLULARI,1.7
[E3201Q067] CHIMICA GENERALE ED INORGANICA,1.697674418604651
[E1401A074] ELEMENTI DI DIRITTO ROMANO PUBBLICO E PRIVATO,1.6973684210526316
[E3301M128] MATEMATICA GENERALE I,1.696969696969697
[E1601N049] ORDINAMENTO E DIRITTO REGIONALE,1.6964285714285714
[F7702M057] GLOBAL ACCOUNTING,1.6941176470588235
[A5810014] DIRITTO COMMERCIALE,1.6931818181818181
[E1803M060] LINGUA - SPAGNOLO,1.6896551724137931
[E3401Q013] MINERALOGIA,1.6885245901639345
"[E2004P008] APPRENDIMENTO, PENSIERO E DECISIONE",1.6875
[E3401Q038] INFORMATICA PER LE SCIENZE DELLA TERRA,1.6829268292682926
[E1401A014] STATISTICA ECONOMICA,1.68
[H4101D039] DIAGNOSTICA DI LABORATORIO,1.6774193548387097
[E2401P007] PSICOLOGIA GENERALE 2,1.6704545454545454
[F9201P004] COMUNICAZIONE VISIVA E DESIGN DELLE INTERFACCE,1.6666666666666667
[F8501R022] ORGANIZZAZIONE E GESTIONE DELLE RISORSE UMANE,1.6666666666666667
[F7601M063] ULTERIORI CONOSCENZE LINGUISTICHE PER IL TURISMO - INGLESE,1.6666666666666667
[F7601M058] LINGUA SPAGNOLA PER LE SCIENZE TURISTICHE,1.6666666666666667
[F5401Q024] METODOLOGIE MODERNE DI SINTESI ORGANICA E ORGANOMETALLICA,1.6666666666666667
[F5103P073] PSICOLOGIA DELLO SVILUPPO DEL LINGUAGGIO ORALE E SCRITTO,1.6666666666666667
[F5102P094] PSICOLOGIA SOCIALE DELLA RELIGIONE,1.6666666666666667
[F4001Q074] ANALISI ARMONICA,1.6666666666666667
[E3301M140] DIRITTO DEI TRASPORTI,1.6666666666666667
[E3002Q028] SISTEMI OTTICI E OFTALMICI CON LABORATORIO,1.6666666666666667
[E3001Q063] ESPERIMENTAZIONI DI BIOFISICA,1.6666666666666667
[E3001Q055] ELEMENTI DI FISICA TEORICA,1.6666666666666667
[E2401P016] PENSIERO E COMUNICAZIONE,1.6666666666666667
[E2004P027] COMUNICAZIONE D'IMPRESA,1.6666666666666667
[E2004P002] FILOSOFIA DEL LINGUAGGIO,1.6666666666666667
[E1901R084] MUSICA,1.6666666666666667
[E1401A087] DIRITTO PENITENZIARIO,1.6666666666666667
[E1301Q058] BIOCHIMICA CELLULARE,1.6666666666666667
[A5810007] DIRITTO INTERNAZIONALE,1.6626506024096386
[E1801M031] ECONOMIA AZIENDALE,1.6612903225806452
[E3401Q002] FISICA,1.6571428571428573
[E4101B003] INFORMATICA,1.6533333333333333
[A5810228] STORIA DEL DIRITTO MEDIEVALE E MODERNO,1.6528925619834711
[E1601N043] RETI DI IMPRESE E TERRITORIO,1.6521739130434783
[E2004P004] PSICOLOGIA GENERALE PER LA COMUNICAZIONE,1.65
[E1901R037] METODOLOGIA DELLA FORMAZIONE,1.65
[G8501R037] DIDATTICA DELLA LETTERATURA E DIDATTICA DELLA LINGUA ITALIANA COME L2 CON LABORATORIO,1.6484375
[E1601N020] MATEMATICA,1.6474358974358974
[I0303D003] ORGANI E FUNZIONI,1.6470588235294117
[E4101B014] STATISTICA ECONOMICA II,1.6470588235294117
[I0102D004] FISIOLOGIA UMANA,1.6428571428571428
[F5401Q027] CHIMICA FISICA SUPERIORE,1.6428571428571428
[E3201Q092] CHIMICA FISICA,1.6428571428571428
[E1301Q011] ZOOLOGIA,1.6428571428571428
[F0802Q051] PROPRIETA' INTELLETTUALE,1.64
[E1401A076] ELEMENTI DI STORIA DEL DIRITTO MEDIEVALE E MODERNO,1.64
[A5810015] DIRITTO PENALE,1.6372549019607843
[F0802Q059] FARMACOLOGIA APPLICATA,1.6363636363636365
[E2701Q002] MATEMATICA II,1.6363636363636365
[E3401Q046] GEORISORSE,1.631578947368421
[E3201Q091] FISICA TERRESTRE,1.631578947368421
[E2004P025] PSICOLOGIA ECONOMICA E DEL LAVORO,1.6296296296296295
[A5810010] DIRITTO AMMINISTRATIVO,1.6296296296296295
[E3301M159] STATISTICA PER L'AZIENDA,1.6285714285714286
[E1301Q010] CHIMICA ORGANICA,1.6274509803921569
[F5401Q019] CHIMICA ORGANICA SUPERIORE,1.625
[E3201Q079] GEOPEDOLOGIA,1.625
[I0101D011] ASSISTENZA INFERMIERISTICA IN MEDICINA SPECIALISTICA,1.6231884057971016
[E1803M101] MACROECONOMIA,1.6219512195121952
[E1803M004] ISTITUZIONI DI DIRITTO PUBBLICO,1.6216216216216217
[E3101Q112] SISTEMI DISTRIBUITI,1.6206896551724137
[F8501R001] FONDAMENTI DELLA CONSULENZA PEDAGOGICA,1.619718309859155
[E2401P101] PSICOMETRIA CON LABORATORIO DI SPSS 2,1.619047619047619
[A5810012] DIRITTO TRIBUTARIO,1.6164383561643836
[E4101B025] ORGANIZZAZIONE DEI SISTEMI INFORMATIVI,1.6153846153846154
[E4101B017] ECONOMETRIA,1.6153846153846154
[A5810093] ORDINAMENTO GIUDIZIARIO,1.6153846153846154
[E2004P026] PSICOLOGIA SOCIALE DELLA COMUNICAZIONE,1.6129032258064515
[G8501R036] CHIMICA E DIDATTICA DELLA BIOLOGIA,1.6111111111111112
[E2702Q092] CHIMICA INORGANICA I E LABORATORIO,1.6071428571428572
[E1401A008] DIRITTO PENALE,1.6071428571428572
[E1803M049] CONTABILITA' E BILANCIO,1.6067415730337078
[E1803M017] ABILITÀ INFORMATICHE PREPARAZIONE TESI,1.606060606060606
[E1401A015] ECONOMIA AZIENDALE,1.6046511627906976
"[K0101D015] INFORMATICA, LIVELLO AVANZATO",1.6
[K0101D010] STRUTTURE ORGANIZZATIVE E FLUSSI GESTIONALI DELLE AZIENDE SANITARIE,1.6
[F8203B011] MODELLI STATISTICI E INFERENZA BAYESIANA,1.6
[F7501Q077] FISICA DELL'ATMOSFERA,1.6
[F0901D044] FISIOLOGIA INTEGRATA:DALLE CELLULE AI SISTEMI,1.6
[F0101R008] ANTROPOLOGIA DEI PROCESSI MIGRATORI,1.6
[E3401Q047] LABORATORIO DI GEOTECNICA,1.6
[E2702Q101] CHIMICA ORGANICA III E LABORATORIO,1.6
[E2001R056] LINGUA CINESE II,1.6
[E1802M126] DIRITTO DEL LAVORO,1.6
[E2401P001] PSICOLOGIA GENERALE 1,1.5964912280701755
[E4101B006] CALCOLO DELLE PROBABILITÀ,1.5925925925925926
[E3001Q046] MECCANICA QUANTISTICA,1.5909090909090908
[A5810132] DIRITTO PRIVATO COMPARATO,1.5909090909090908
[E3301M195] FONDAMENTI DI RAGIONERIA GENERALE E APPLICATA,1.5901639344262295
[F7501Q004] VALUTAZIONE IMPATTO AMBIENTALE,1.5897435897435896
[I0101D009] METODOLOGIA CLINICA INFERMIERISTICA 1,1.5877862595419847
[E1803M050] GESTIONE BANCARIA,1.5844155844155845
[E2401P004] STORIA DELLA PSICOLOGIA,1.5833333333333333
[E1802M129] LINGUA INGLESE,1.5833333333333333
[A5810106] BIOETICA,1.5833333333333333
"[H4101D021] SANITA' PUBBLICA, IGIENE E MEDICINA DEL LAVORO",1.5810810810810811
[E1601N006] INGLESE,1.5802469135802468
[E1301Q057] CHIMICA BIOLOGICA,1.5789473684210527
[E1301Q063] BOTANICA,1.5769230769230769
[F7701M097] GLOBAL MANAGEMENT,1.5714285714285714
[F5401Q017] CHIMICA DI COORDINAZIONE E METALLORGANICA,1.5714285714285714
[E4102B066] DEMOGRAFIA,1.5714285714285714
[E4101B040] BASI DI DATI,1.5714285714285714
[E4101B008] STATISTICA ECONOMICA I,1.5714285714285714
[E2702Q045] ELEMENTI DI BIOCHIMICA,1.5714285714285714
[E2401P002] FONDAMENTI ANATOMO-FISIOLOGICI DELL'ATTIVITÀ PSICHICA,1.5714285714285714
[E1803M059] LINGUA- TEDESCO,1.5714285714285714
[E1301Q055] FISIOLOGIA VEGETALE,1.5675675675675675
[I0101D012] ASSISTENZA INFERMIERISTICA IN CHIRURGIA SPECIALISTICA,1.5666666666666667
[F1601M056] INFORMATICA PER LA FINANZA,1.564102564102564
[F7702M002] ABILITÀ INFORMATICHE MAGISTRALE,1.5636363636363637
[F9201P100] COGNIZIONE E LINGUAGGIO,1.5625
[F1601M042] ULTERIORI CONOSCENZE LINGUISTICHE PER LA FINANZA - INGLESE,1.5625
[E3001Q057] STRUTTURA DELLA MATERIA,1.5625
[A5810011] GIUSTIZIA AMMINISTRATIVA,1.5625
[E1501N005] SOCIOLOGIA GENERALE,1.5609756097560976
[E3401Q004] CHIMICA GENERALE E INORGANICA,1.5569620253164558
"[H4601D002] ANATOMIA, ISTOLOGIA ED EMBRIOLOGIA GENERALI E DELL'APPARATO STOMATOGNATICO",1.5555555555555556
[F7601M054] MATEMATICA PER L'ECONOMIA DEI FENOMENI TURISTICI,1.5555555555555556
[E3501Q012] SISTEMI DINAMICI E MECCANICA CLASSICA,1.5555555555555556
[E3002Q029] INTERAZIONE LUCE MATERIA,1.5555555555555556
[E3001Q040] ANALISI MATEMATICA II,1.5555555555555556
[E1401A019] DIRITTO DELLA SICUREZZA SOCIALE: PREVIDENZA E ASSISTENZA,1.5555555555555556
[E1301Q060] SISTEMATICA VEGETALE,1.5555555555555556
[E3301M097] ECONOMIA AZIENDALE,1.5535714285714286
[E1803M038] ISTITUZIONI DI DIRITTO PRIVATO,1.5512820512820513
[A5810062] DIRITTO PENALE MINORILE,1.55
[F0601Q077] BIOSTATISTICA,1.5483870967741935
[A5810032] SOCIOLOGIA DEL DIRITTO,1.5483870967741935
[F5701R002] METODOLOGIA DELLA FORMAZIONE,1.5476190476190477
"[F9201P008] DIRITTO DELL'INFORMAZIONE, DELLA COMUNICAZIONE E DELL'INFORMATICA",1.5454545454545454
[E2702Q075] MATEMATICA II,1.5454545454545454
[E2004P028] INFORMATICA E GRAFICA PER IL WEB,1.5454545454545454
[I0101D001] SCIENZE BIOMEDICHE 1,1.5432692307692308
[A5810003] SCIENZA DELLE FINANZE,1.5396825396825398
[F7701M002] ABILITÀ INFORMATICHE MAGISTRALE,1.5384615384615385
[E4001N056] NUOVI SOGGETTI URBANI,1.5384615384615385
[E1801M030] DIRITTO COMMERCIALE,1.536231884057971
[E3001Q003] MECCANICA CLASSICA,1.5333333333333334
[E2401P120] TEORIE E STRUMENTI PER LA GESTIONE E LO SVILUPPO DEL PERSONALE,1.5333333333333334
[E1802M031] ECONOMIA AZIENDALE,1.5333333333333334
[H4101D040] FARMACOLOGIA,1.5326086956521738
[E1801M052] LINGUA - SPAGNOLO,1.5324675324675325
[I0101D007] SCIENZE UMANE,1.53
[G8501R023] DIDATTICA DELLA MATEMATICA CON LABORATORIO,1.5294117647058822
[F7601M075] PRINCIPI DI INFERENZA PER LE APPLICAZIONI TURISTICHE,1.5294117647058822
[F1601M058] DIRITTO DEI MERCATI FINANZIARI,1.5294117647058822
[E1401A009] DIRITTO DEL LAVORO,1.5263157894736843
[F5104P004] PSICODIAGNOSTICA CLINICA,1.525
[E3301M182] LINGUA-SPAGNOLO,1.5238095238095237
[E2401P019] PSICOBIOLOGIA DEI DISTURBI COMPORTAMENTALI,1.5238095238095237
[E1401A084] TEORIA GENERALE E METODI DEL DIRITTO,1.5227272727272727
[E3201Q040] MATEMATICA II,1.5185185185185186
[E3401Q044] CAMPAGNA GEOLOGICA,1.5172413793103448
[E1301Q067] IMMUNOLOGIA E PATOLOGIA,1.5172413793103448
[E3101Q108] LINGUAGGI DI PROGRAMMAZIONE,1.5161290322580645
[E1802M116] MANAGEMENT,1.515625
[A5810046] CRIMINOLOGIA,1.5135135135135136
[E1901R093] PEDAGOGIA GENERALE I CON LABORATORIO,1.511111111111111
[E1401A077] SCIENZA DELLE FINANZE,1.507936507936508
[E1803M041] STATISTICA I,1.5076923076923077
[I0302D015] BIOLOGIA MOLECOLARE CLINICA,1.5
[I0302D005] ANALISI BIOCHIMICO-CLINICHE,1.5
[H4601D034] INGLESE BIOMEDICO,1.5
[F8801N003] DIRITTI E CITTADINANZA EUROPEA,1.5
[F8501R010] PEDAGOGIA DELLA DEVIANZA E DELLA MARGINALITÀ,1.5
[F8204B015] STATISTICAL LEARNING M,1.5
[F8203B015] STATISTICA AMBIENTALE,1.5
[F7702M059] PRICE MANAGEMENT,1.5
[F7702M058] GLOBAL CORPORATE FINANCE,1.5
[F7701M082] ELEMENTI DI PROGRAMMAZIONE,1.5
[F7501Q087] MICROBIOLOGIA AMBIENTALE,1.5
[F7401Q082] BIOFACIES,1.5
[F7401Q001] GEOLOGIA DEI BACINI SEDIMENTARI,1.5
[F5602M016] LABOUR MARKETS,1.5
[F5602M012] PRINCIPLES OF CORPORATE FINANCE,1.5
[F5103P009] PSICODINAMICA E ASSESSMENT DELLA GENITORIALITA',1.5
[F5102P014] PROCESSI MOTIVAZIONALI E DECISION MAKING,1.5
[F4001Q099] GEOMETRIA SIMPLETTICA,1.5
[F4001Q063] METODI DELLA FISICA MATEMATICA,1.5
[F1801Q103] SISTEMI INFORMATIVI,1.5
[F1701Q138] RADIAZIONI ELETTROMAGNETICHE NON IONIZZANTI,1.5
[F1601M044] ULTERIORI CONOSCENZE LINGUISTICHE PER LA FINANZA - SPAGNOLO,1.5
[F0802Q048] MICROBIOLOGIA AMBIENTALE,1.5
[F0601Q075] GENETICA UMANA,1.5
[F0601Q055] SIMBIOSI,1.5
[F0101R067] CULTURE E SOCIETA' DELLA CINA,1.5
[E4102B076] DATA SCIENCE E MODELLI STATISTICI PER IL TRATTAMENTO DEI DATI NON STRUTTURATI,1.5
[E4102B069] BASI DI DATI,1.5
[E4102B063] STATISTICA I - COMPLEMENTI,1.5
[E4001N059] SOCIOLOGIA DELLO SVILUPPO,1.5
"[E3901N037] INCLUSIONE SOCIALE, RETI E WELFARE",1.5
[E3901N013] DIRITTO DELLA SICUREZZA SOCIALE,1.5
[E3501Q056] ANALISI III,1.5
[E3301M149] DIRITTO PUBBLICO DELL'ECONOMIA I,1.5
"[E3301M148] ECONOMIA,GESTIONE DELLE IMPRESE INDUSTRIALI E MARKETING",1.5
[E3002Q012] LABORATORIO TECNICHE FISICHE PER L?OPTOMETRIA,1.5
[E2702Q097] CHIMICA FISICA III E LABORATORIO,1.5
[E2401P109] PERCEZIONE E ATTENZIONE,1.5
[E2401P064] FILOSOFIA DELLA SCIENZA,1.5
[E2001R010] ORGANIZZAZIONE AZIENDALE,1.5
[E1901R101] GESTIONE DELLE RISORSE UMANE,1.5
[E1802M121] DIRITTO TRIBUTARIO,1.5
[E1401A030] DIRITTO COMUNITARIO DELLA CONCORRENZA E DEL MERCATO INTERNO,1.5
[E1401A020] DIRITTO TRIBUTARIO,1.5
[A5810215] PLURALISMO RELIGIOSO E INTEGRAZIONE EUROPEA,1.5
[A5810116] COMPARATIVE CIVIL PROCEDURE,1.5
[A5810077] DIRITTO DELLE ASSICURAZIONI,1.5
[A5810064] DIRITTO PROCESSUALE CIVILE C.P.,1.5
[A5810051] DIRITTO DEL LAVORO C.P.,1.5
[A5810049] DIRITTO BANCARIO,1.5
[A5810037] STORIA DEL DIRITTO ROMANO,1.5
[A5810033] TEORIE DELL'INTERPRETAZIONE,1.5
[E1901R005] PSICOLOGIA DELL'EDUCAZIONE,1.4966887417218544
[I0101D016] MEDICINA CLINICA E DELLA DISABILITA',1.4901960784313726
[E1401A007] DIRITTO COMMERCIALE,1.4857142857142858
[E3101Q100] ANALISI MATEMATICA,1.4854368932038835
[E4102B006] CALCOLO DELLE PROBABILITÀ,1.4848484848484849
"[F5102P002] CONSULENZA, INTERVENTO, E SVILUPPO ORGANIZZATIVO",1.4838709677419355
[E4102B004] LABORATORIO DI INFORMATICA,1.4838709677419355
[E3001Q012] LABORATORIO DI INFORMATICA I,1.4827586206896552
[E4001N055] LA COMUNICAZIONE: PRODUZIONE E CONSUMO,1.4814814814814814
[E2401P118] PSICOLOGIA SOCIALE DEI GRUPPI,1.4814814814814814
[E2001R059] LINGUA GIAPPONESE II,1.4814814814814814
[I0101D901] FONDAMENTI DI SCIENZE INFERMIERISTICHE ED OSTETRICHE,1.4811320754716981
[F9201P200] COMUNICAZIONE DIGITALE,1.4782608695652173
[F5103P005] PSICOLOGIA DELLO SVILUPPO SOCIO-AFFETTIVO,1.4782608695652173
[E1301Q007] FISICA,1.4782608695652173
[E3201Q073] FISICA APPLICATA,1.4761904761904763
[E2701Q045] FISICA DEI MATERIALI CON LABORATORIO,1.4761904761904763
[E3001Q043] FISICA III,1.4736842105263157
[E1802M117] BILANCIO E ANALISI ECONOMICO FINANZIARIA,1.4736842105263157
[I0101D006] METODOLOGIA CLINICA NELLE SCIENZE INFERMIERISTICHE,1.4678899082568808
[G8501R026] PROVA IDONEITA' DI LINGUA INGLESE DI LIVELLO B2,1.4671052631578947
[F7702M023] ULTERIORI CONOSCENZE LINGUISTICHE PER IL MARKETING - INGLESE,1.4666666666666666
[E2401P035] CRIMINOLOGIA,1.4666666666666666
[F8501R009] PRATICHE FILOSOFICHE,1.4651162790697674
[F6302N001] CAMBIAMENTO ORGANIZZATIVO,1.4642857142857142
[E3101Q130] FISICA,1.4642857142857142
[E3301M192] STATISTICA,1.4621848739495797
[E2701Q013] CHIMICA FISICA,1.4615384615384615
[E2702Q009] CHIMICA FISICA I,1.46
[E2401P013] PSICOLOGIA DINAMICA,1.4598540145985401
[F5104P003] ORIGINI E SVILUPPO DELLA MENTE UMANA,1.4588235294117646
[E1803M033] ECONOMIA DELLE IMPRESE DI ASSICURAZIONE,1.4583333333333333
[F1601M063] ECONOMIA E FINANZA DEI MERCATI GLOBALI,1.4545454545454546
[E4001N053] ORGANIZZAZIONE E LAVORO,1.4545454545454546
[E3401Q052] GEOLOGIA DEL QUATERNARIO,1.4545454545454546
[E3301M181] LINGUA- FRANCESE,1.4545454545454546
[E3001Q037] LABORATORIO I,1.4545454545454546
[E1803M081] FINANZA AZIENDALE,1.4545454545454546
[E1301Q071] MATEMATICA E STATISTICA,1.4545454545454546
[E3001Q038] CHIMICA,1.4537037037037037
[F7601M051] STATISTICA PER IL TURISMO: MODELLI E APPLICAZIONI,1.4516129032258065
[E3501Q004] GEOMETRIA I,1.4516129032258065
[E3201Q107] PRINCIPI DI SCIENZE DELLA TERRA,1.4516129032258065
[E3101Q122] PROGRAMMAZIONE E AMMINISTRAZIONE DI SISTEMA,1.4516129032258065
[E2001R024] TEORIA E TECNICA DEI NUOVI MEDIA,1.4516129032258065
[I0101D014] PSICHIATRIA E PSICOLOGIA CLINICA,1.4509803921568627
[F4901N009] GEOGRAFIA,1.4482758620689655
[E2001R009] PSICOLOGIA DELLA COMUNICAZIONE,1.4482758620689655
[F8204B024] FINANZA MATEMATICA M,1.4444444444444444
[E3501Q024] ALGORITMI E PROGRAMMAZIONE,1.4444444444444444
[E3301M152] DIRITTO DEL LAVORO,1.4444444444444444
[E3301M146] ECONOMIA DELLE AZIENDE PUBBLICHE,1.4444444444444444
[E3201Q072] PRINCIPI DI DIRITTO AMBIENTALE,1.4444444444444444
[E3002Q009] FISICA II,1.4444444444444444
[E2701Q043] STRUTTURA DELLA MATERIA I,1.4444444444444444
[E2004P003] LINGUISTICA,1.4444444444444444
[E1802M006] ECONOMIA POLITICA,1.4444444444444444
[E1301Q069] FARMACOLOGIA,1.4444444444444444
[E0201Q064] PROCESSI INDUSTRIALI E BIORAFFINERIE,1.4444444444444444
[F8204B002] STATISTICA AVANZATA M,1.4375
[F0101R012] ANTROPOLOGIA DELLA PARENTELA E DI GENERE,1.4375
[E0201Q073] GENETICA MOLECOLARE UMANA,1.4375
[E1301Q072] GENETICA,1.435897435897436
[F5102P001] PSICOLOGIA SOCIALE : CORSO AVANZATO,1.434782608695652
[E3901N028] PSICOLOGIA DELLO SVILUPPO,1.434782608695652
[A5810229] ISTITUZIONI DI DIRITTO ROMANO,1.4336283185840708
[I0201D100] BASI DEL MOVIMENTO,1.4324324324324325
[G8501R018] BIOLOGIA: FONDAMENTI E DIDATTICA CON LABORATORIO,1.4324324324324325
[I0102D005] SCIENZE BIOMEDICHE 2,1.4285714285714286
[H4101D022] ANATOMIA PATOLOGICA,1.4285714285714286
[F8204B004] PROBABILITA' E STATISTICA COMPUTAZIONALE M,1.4285714285714286
[F7701M054] DIRITTO PENALE TRIBUTARIO,1.4285714285714286
[F1701Q094] ENERGETICA,1.4285714285714286
[E4101B019] MATEMATICA FINANZIARIA,1.4285714285714286
[E1901R020] STORIA MODERNA,1.4285714285714286
[E1801M042] CORPORATE GLOBAL COMMUNICATIONS,1.4285714285714286
[E1401A017] DIRITTO INTERNAZIONALE,1.4285714285714286
[E1301Q068] FISIOLOGIA DEI SISTEMI,1.4285714285714286
[H4101D002] ANATOMIA E ISTOLOGIA UMANA,1.4259259259259258
[A5810039] STORIA DEL DIRITTO DI FAMIGLIA,1.425
[E4101B004] LABORATORIO DI INFORMATICA,1.4230769230769231
[F5104P002] NEUROPSICOLOGIA DELL'ADULTO E DELL'ANZIANO,1.421875
[F7601M050] DIRITTO DELL'AMBIENTE E DEI BENI CULTURALI,1.4210526315789473
[A5810136] STORIA DEL PROCESSO PENALE,1.4210526315789473
[E1803M037] INFORMATICA GENERALE,1.4202898550724639
[F1801Q134] APPRENDIMENTO AUTOMATICO,1.4193548387096775
[F1601M070] ABILITA INFORMATICHE MAGISTRALE,1.4166666666666667
[E4001N069] SOCIOLOGIA DELLA POLITICA,1.4166666666666667
[E3401Q042] GEOLOGIA APPLICATA,1.4166666666666667
[A5810128] DIRITTO DEL LAVORO,1.4166666666666667
[E0201Q059] BIOCHIMICA PER LE BIOTECNOLOGIE,1.4150943396226414
[E3201Q074] CHIMICA ORGANICA,1.4137931034482758
[E4102B064] STATISTICA SOCIALE,1.411764705882353
[E3901N004] PSICOLOGIA SOCIALE II,1.411764705882353
[E1901R110] EDUCAZIONE DEGLI ADULTI,1.411764705882353
[A5810056] DIRITTO FALLIMENTARE,1.4090909090909092
[E1501N051] GEOGRAFIA DEL TURISMO,1.40625
[E2004P007] TEORIA E TECNICA DEI NUOVI MEDIA,1.4054054054054055
[E1801M048] MATEMATICA PER IL MARKETING,1.4047619047619047
[F8701N036] GLOBALIZZAZIONE E SVILUPPO LOCALE,1.4
[F8204B012] INTRODUZIONE ALLE SERIE STORICHE M,1.4
[F8204B010] STATISTICA SPAZIALE M,1.4
[F5102P020] STRUMENTI DI INDAGINE PER LE ORGANIZZAZIONI ED I MERCATI,1.4
[F1801Q106] INTELLIGENZA ARTIFICIALE,1.4
[F0802Q060] INGEGNERIA DI PROCESSO,1.4
[E4101B041] STATISTICA COMPUTAZIONALE,1.4
[E4001N054] AMBIENTE E RETI TERRITORIALI,1.4
[E3501Q064] CALCOLO NUMERICO,1.4
[E3301M004] ISTITUZIONI DI DIRITTO PUBBLICO,1.4
[E3201Q016] LABORATORIO DI INTEGRAZIONE II,1.4
[E2701Q046] STRUTTURA DELLA MATERIA II,1.4
[E2001R052] LINGUA ARABA II,1.4
[E2001R028] ANTROPOLOGIA DEI MEDIA,1.4
[E2001R008] PEDAGOGIA INTERCULTURALE,1.4
[E1901R018] STORIA DELLA FILOSOFIA,1.4
[E1401A011] DIRITTO DEL LAVORO C.P.,1.4
[A5810126] DIRITTO CIVILE (IL CONTRATTO),1.4
[A5810089] PROCEDURA PENALE SOVRANAZIONALE,1.4
[E1901R019] STORIA MEDIOEVALE,1.3928571428571428
[E1803M048] STATISTICA PER LA FINANZA,1.3898305084745763
[E4101B020] FINANZA AZIENDALE,1.3888888888888888
[G8501R013] PEDAGOGIA DEL CORPO CON LABORATORIO,1.3877551020408163
[F6302N006] ECONOMIA PUBBLICA E DEI SERVIZI,1.3846153846153846
[E2401P119] RICERCA INTERVENTO DI COMUNITA',1.3846153846153846
[A5810029] DIRITTO CANONICO,1.3846153846153846
[A5810135] STORIA DEL DIRITTO DELLE OBBLIGAZIONI E DEI CONTRATTI,1.380952380952381
[E3401Q036] RILEVAMENTO GEOLOGICO,1.38
[E3301M196] MANAGEMENT,1.3783783783783783
[E1802M033] INFORMATICA GENERALE,1.3780487804878048
[F5101P139] PSICOLOGIA DELLA SALUTE E INTERVENTI CLINICI IN AMBITO SANITARIO,1.3770491803278688
[F8204B003] STATISTICA ECONOMICA M,1.375
[F7702M055] GLOBAL MARKETING MANAGEMENT,1.375
[F7701M098] SALES AND TRADE MARKETING,1.375
[F7401Q005] PROSPEZIONI GEOFISICHE,1.375
[F5602M008] FOUNDATIONS OF INTERNATIONAL ECONOMIC LAW,1.375
[F5602M003] MICROECONOMICS OF GLOBAL MARKETS,1.375
[F5602M001] MATHEMATICAL METHODS AND PROGRAMMIG,1.375
[F0901D043] ANALISI DEI DATI,1.375
[F0802Q043] ANALISI DI BIOMOLECOLE,1.375
[E3501Q054] ALGEBRA III,1.375
[E3301M180] LINGUA - INGLESE,1.375
[E2702Q099] CHIMICA FISICA APPLICATA,1.375
[E1901R111] PEDAGOGIA DELLA FAMIGLIA,1.375
[E1801M039] STATISTICA I,1.3741935483870968
[A5810006] FILOSOFIA DEL DIRITTO,1.3737373737373737
[E2001R007] ANTROPOLOGIA CULTURALE,1.3725490196078431
[F7701M052] DIRITTO FALLIMENTARE,1.3703703703703705
[F0601Q067] EMBRIOLOGIA,1.368421052631579
[E0201Q005] CHIMICA ORGANICA,1.368421052631579
[E3101Q113] ANALISI E PROGETTO DI ALGORITMI,1.3676470588235294
[E4101B013] MACROECONOMIA,1.3666666666666667
[E1802M120] FINANZA PUBBLICA,1.3666666666666667
[G8501R021] EDUCAZIONE ALL'IMMAGINE CON LABORATORIO,1.3650793650793651
[F8203B003] INFERENZA STATISTICA,1.3636363636363635
[F7601M076] ALTRE CONOSCENZE TURISTICHE UTILI PER L'INSERIMENTO NEL MONDO DEL LAVORO,1.3636363636363635
[E4102B080] ANALISI STATISTICA MULTIVARIATA,1.3636363636363635
"[E3301M142] IMPRESE,MERCATI E POLITICHE DELLA CONCORRENZA",1.3636363636363635
[E3101Q124] SISTEMI EMBEDDED,1.3636363636363635
[E1901R086] METODI E TECNICHE DELLA FORMAZIONE MEDIALE,1.3636363636363635
[A5810042] DIRITTO COSTITUZIONALE EUROPEO ( I DIRITTI FONDAMENTALI) MOD. JEAN MONNET,1.3636363636363635
[E1803M075] ECONOMIA DELLE ISTITUZIONI FINANZIARIE,1.36
[A5810082] GIUSTIZIA COSTITUZIONALE,1.36
[E3001Q035] ALGEBRA LINEARE E GEOMETRIA,1.3582089552238805
[F5103P002] METODI DI RICERCA E VALUTAZIONE IN PSICOLOGIA DELLO SVILUPPO,1.3571428571428572
[E4001N051] ANTROPOLOGIA,1.3571428571428572
[E1801M035] MARKET-DRIVEN MANAGEMENT,1.3548387096774193
[A5810031] INFORMATICA GIURIDICA,1.3548387096774193
[H4101D038] PATOLOGIA GENERALE E IMMUNOLOGIA,1.3529411764705883
[F0802Q054] METODOLOGIE BIOINFORMATICHE,1.3529411764705883
"[E2401P006] FILOSOFIA DELLA MENTE, LOGICA E LINGUE NATURALI",1.3529411764705883
[A5810133] DIRITTO PUBBLICO COMPARATO,1.3529411764705883
[E1501N071] SOCIOLOGIA DEL TURISMO,1.3513513513513513
[F0101R002] MODELLI TEORICI DELL'ANTROPOLOGIA,1.35
[E2401P026] PSICOLOGIA GIURIDICA,1.35
[F5701R023] PSICOLOGIA DELLE ORGANIZZAZIONI E DELLA COMUNICAZIONE,1.3478260869565217
[F5701R011] TEORIE E MODELLI DELLA CONSULENZA PEDAG.,1.3478260869565217
[G8501R005] STORIA E DIDATTICA DELLA STORIA 1,1.3471074380165289
[H4101D033] CLINICA CHIRURGICA,1.346938775510204
[F8501R056] METODOLOGIA DELLA RICERCA PEDAGOGICA II CON LABORATORIO,1.3461538461538463
[E4001N015] STORIA CONTEMPORANEA,1.3455882352941178
[H4101D256] MICROBIOLOGIA MEDICA,1.3448275862068966
[E1901R087] PEDAGOGIA DELL'ADOLESCENZA,1.3448275862068966
[E1901R107] PEDAGOGIA DEL CORPO,1.3445378151260505
[E1901R078] POLITICHE SOCIALI,1.34375
[E1802M130] LINGUA- SPAGNOLO,1.34375
[E1801M018] ABILITÀ INFORMATICHE PREPARAZIONE TESI,1.34375
[E3301M138] ECONOMIA E TECNICA DELLA COMUNICAZIONE AZIENDALE,1.3421052631578947
[E1802M026] ABILITÀ INFORMATICHE PREPARAZIONE TESI,1.3421052631578947
[G8501R004] LINGUISTICA ITALIANA,1.3416666666666666
[E0201Q053] ORGANI E FUNZIONI,1.3409090909090908
[E3301M111] ISTITUZIONI DI DIRITTO PRIVATO,1.3380281690140845
[I0301D004] PREVENZIONE SANITARIA,1.3333333333333333
[I0202D103] SCIENZE PSICOMOTORIE E RIABILITATIVE 1,1.3333333333333333
[I0202D005] SCIENZE STATISTICHE E SOCIOPSICOPEDAGOGICHE,1.3333333333333333
[I0201D121] VALUTAZIONE DEL SISTEMA MOTORIO,1.3333333333333333
"[I0102D003] IGIENE, MEDICINA DEL LAVORO E STATISTICA MEDICA",1.3333333333333333
[F8501R035] ETICA DELLA RELAZIONE: TEORIE E PRATICHE,1.3333333333333333
[F8204B021] MATEMATICA PER L'ECONOMIA M,1.3333333333333333
[F8204B017] PROCESSI STOCASTICI M,1.3333333333333333
[F8204B007] METODI PER LE INDAGINI CAMPIONARIE M,1.3333333333333333
[F7702M047] DIRITTO COMMERCIALE COMUNITARIO,1.3333333333333333
[F7701M095] SISTEMI DI CONTROLLO NELLE AZIENDE PRIVATE E PUBBLICHE,1.3333333333333333
[F7701M094] MARKETING MANAGEMENT,1.3333333333333333
[F7701M023] DIRITTO PUBBLICO DELL'ECONOMIA PER LE SCIENZE ECON,1.3333333333333333
[F7601M057] LINGUA INGLESE PER SCIENZE TURISTICHE,1.3333333333333333
[F7601M007] METODI STATISTICI PER IL TURISMO II,1.3333333333333333
[F7501Q086] INQUINAMENTO E BONIFICA DELLE ACQUE SOTTERRANEE,1.3333333333333333
[F7501Q074] SISTEMI ENERGETICI,1.3333333333333333
[F7401Q076] STABILITA' DEI VERSANTI,1.3333333333333333
[F6302N014] DIRITTO AMMINISTRATIVO EUROPEO,1.3333333333333333
[F6302N002] CAPITALE SOCIALE E SISTEMI SOCIOECONOMICI LOCALI,1.3333333333333333
[F5602M007] DEVELOPMENT ECONOMICS,1.3333333333333333
[F5301Q030] CHIMICA DEI MATERIALI INORGANICI,1.3333333333333333
[F5103P078] PSICHIATRIA E NEUROPSICHIATRIA INFANTILE,1.3333333333333333
[F4001Q094] METODI MATEMATICI PER L?ANALISI ECONOMICA ? CONTROLLO OTTIMO,1.3333333333333333
[F1801Q127] MODELLI PROBABILISTICI PER LE DECISIONI,1.3333333333333333
[F1801Q116] EVOLUZIONE DEI SISTEMI SOFTWARE E REVERSE ENGINEERING,1.3333333333333333
[F0901D046] PROTEOMICA E METABOLOMICA,1.3333333333333333
[F0901D040] GENOMICA FUNZIONALE,1.3333333333333333
[F0901D025] BIOTECNOLOGIE MICROBICHE,1.3333333333333333
[F0802Q063] BIOCHIMICA DEI TUMORI,1.3333333333333333
[F0802Q041] CHIMICA ORGANICA APPLICATA ALLE BIOTECNOLOGIE,1.3333333333333333
[F0101R009] PEDAGOGIA E CULTURE DELL'EDUCAZIONE,1.3333333333333333
[E4102B026] DEMOGRAFIA SOCIALE (MOBILITÀ E MIGRAZIONI),1.3333333333333333
[E4101B018] ECONOMIA DEI MERCATI MONETARI E FINANZIARI,1.3333333333333333
[E3901N030] SOCIOLOGIA DELLA DEVIANZA,1.3333333333333333
[E3501Q066] LABORATORIO DI MATEMATICA E INFORMATICA,1.3333333333333333
[E3501Q023] FISICA II,1.3333333333333333
[E3501Q011] GEOMETRIA II,1.3333333333333333
[E3501Q001] ANALISI MATEMATICA I,1.3333333333333333
[E3001Q068] ELEMENTI DI BIOFOTONICA,1.3333333333333333
[E3001Q067] ELEMENTI DI FISICA MEDICA E AMBIENTALE,1.3333333333333333
[E3001Q052] ELEMENTI DI ELETTRONICA,1.3333333333333333
[E2702Q106] ECONOMIA E GESTIONE DELLE IMPRESE CHIMICHE,1.3333333333333333
[E2702Q056] OPERAZIONI UNITARIE E FONDAMENTALI,1.3333333333333333
[E2001R005] SOCIOLOGIA DELLA COMUNICAZIONE,1.3333333333333333
[E1901R081] PSICOLOGIA DELLO SVILUPPO,1.3333333333333333
[E1901R010] ORGANIZZAZIONE AZIENDALE E DEI SERVIZI,1.3333333333333333
[E1901R007] PEDAGOGIA INTERCULTURALE,1.3333333333333333
[E1601N050] LE ORGANIZZAZIONI COMPLESSE,1.3333333333333333
[E1401A028] DIRITTO FALLIMENTARE,1.3333333333333333
[E1401A026] DIRITTO BANCARIO,1.3333333333333333
[E0201Q054] FARMACOLOGIA,1.3333333333333333
[A5810129] DIRITTO DELLA NAVIGAZIONE,1.3333333333333333
[A5810125] DIRITTO CIVILE (ILLECITO),1.3333333333333333
[E2001R002] LINGUISTICA ITALIANA,1.328358208955224
[E1601N003] DIRITTO PRIVATO,1.3255813953488371
[E3501Q051] ALGEBRA LINEARE E GEOMETRIA,1.325
[E1501N014] ECONOMIA DEL TURISMO,1.3243243243243243
[E0201Q004] CHIMICA GENERALE ED INORGANICA,1.3235294117647058
[E2401P010] PSICOLOGIA DELLO SVILUPPO,1.3214285714285714
[H4101D006] CHIMICA BIOLOGICA E BIOLOGIA MOLECOLARE,1.3181818181818181
[G8501R040] PEDAGOGIA SPECIALE CON LABORATORI,1.3157894736842106
[F0601Q050] METODOLOGIE BIOCHIMICHE,1.3157894736842106
[E3002Q008] FISIOLOGIA GENERALE ED OCULARE,1.3157894736842106
[E1401A086] ELEMENTI DI DIRITTO PROCESSUALE CIVILE,1.3157894736842106
[E0201Q055] COMPOSTI ORGANICI DI INTERESSE MERCEOLOGICO,1.3157894736842106
[E1901R014] LETTERATURA ITALIANA CONTEMPORANEA,1.314516129032258
[E1501N079] ELEMENTI DI ECONOMIA,1.3142857142857143
[F0901D034] LA GENETICA NELLA PRATICA CLINICA,1.3125
[E3901N006] ANTROPOLOGIA CULTURALE,1.3125
[E3301M191] MICROECONOMIA E STORIA ECONOMICA,1.3125
[E2701Q012] LABORATORIO DI CHIMICA ANALITICA STRUMENTALE,1.3125
[E1801M044] DIRITTO PUBBLICO COMUNITARIO,1.3125
[E1601N008] FONDAMENTI DI ORGANIZZAZIONE,1.3125
[E1601N002] ISTITUZIONI DI DIRITTO PUBBLICO,1.3125
[E1501N080] MARKETING,1.3125
[E3301M218] ABILITÀ INFORMATICHE,1.309090909090909
[I0102D013] MEDICINA PERINATALE,1.3076923076923077
[F5401Q018] CHEMIOMETRIA,1.3076923076923077
[F4901N001] INGLESE PER IL TURISMO,1.3076923076923077
[F0901D039] BIOTECHNOLOGY APPLICATIONS IN THERAPY,1.3076923076923077
[E2004P006] STATISTICA PER LA RICERCA SOCIALE,1.3076923076923077
[E1901R013] ISTITUZIONI DI LINGUISTICA,1.3076923076923077
[E1802M119] METODI STATISTICI PER L'AMMINISTRAZIONE DELLE IMPRESE,1.3066666666666666
[F5101P137] NORMALITA' E PATOLOGIA NELLE RELAZIONI FAMILIARI,1.3043478260869565
[E4101B009] ANALISI MATEMATICA II,1.3043478260869565
[E1901R004] ANTROPOLOGIA CULTURALE,1.3026315789473684
[E4001N050] ISTITUZIONI DI DIRITTO PUBBLICO,1.3018867924528301
[E1803M057] LINGUA - INGLESE,1.3010752688172043
[H4101D003] INFORMATICA DI BASE,1.3
[F8203B005] ELEMENTI DI BIOLOGIA,1.3
[F5104P010] PSICHIATRIA E NEUROPSICHIATRIA INFANTILE,1.3
[F5103P010] FATTORI EMOTIVI E RELAZIONALI DELL'APPRENDIMENTO,1.3
[E2004P029] PSICOLOGIA DEL COMPORTAMENTO ECONOMICO E DEI CONSUMI,1.3
[E4001N068] SOCIOLOGIA DEL LINGUAGGIO,1.297872340425532
[E3301M021] ABILITÀ INFORMATICHE PREPARAZIONE TESI,1.2972972972972974
[E1901R082] PSICOLOGIA DELLA DISABILITA' E DELL'INTEGRAZIONE,1.2972972972972974
[E3501Q065] FISICA I,1.2962962962962963
[F0802Q039] BIOLOGIA MOLECOLARE APPLICATA,1.2941176470588236
[E4101B007] MICROECONOMIA,1.2941176470588236
[E3001Q036] FISICA I,1.2926829268292683
[I0101D018] SCIENZE UMANE E STORIA DELLA MEDICINA,1.2916666666666667
[F8204B005] MICROECONOMIA M,1.2916666666666667
[F7702M046] DIRITTO DELLE COMUNICAZIONI,1.2916666666666667
[F5102P005] PSICOLOGIA DEL PENSIERO E DEI PROCESSI DECISIONALI: CORSO AVANZATO,1.2916666666666667
[E2001R001] LETTERATURA ITALIANA CONTEMPORANEA,1.2903225806451613
[E2001R029] GEOGRAFIA CULTURALE **,1.2894736842105263
[E1801M005] ECONOMIA POLITICA,1.2881355932203389
[E2401P008] PSICOLOGIA FISIOLOGICA,1.2869565217391303
[I0202D121] BASI DEL MOVIMENTO,1.2857142857142858
[I0101D017] ASSISTENZA INFERMIERISTICA IN AREA CRITICA,1.2857142857142858
[H4101D034] URGENZE ED EMERGENZE MEDICO CHIRURGICHE,1.2857142857142858
[F8801N041] GOVERNANCE E SISTEMI LOCALI DI WELFARE,1.2857142857142858
[F5401Q034] CHIMICA MACROMOLECOLARE,1.2857142857142858
[F5104P012] NEUROLINGUISTICA,1.2857142857142858
[F5103P072] TECNICHE STATISTICHE PER L'ANALISI DEL CAMBIAMENTO,1.2857142857142858
[F5101P121] NEUROPSICOLOGIA DELLO SVILUPPO,1.2857142857142858
[F1601M064] ADVANCED DERIVATIVES,1.2857142857142858
[F1601M052] CORPORATE FINANCE,1.2857142857142858
[F0802Q058] INGEGNERIA METABOLICA E BIOPROCESSI DI NUOVA GENERAZIONE,1.2857142857142858
[F0802Q047] BIOCHIMICA INDUSTRIALE,1.2857142857142858
[E4101B037] ANALISI STATISTICA MULTIVARIATA,1.2857142857142858
[E4101B016] SERIE STORICHE ECONOMICHE,1.2857142857142858
[E3301M190] ECONOMIA DEL MERCATO MOBILIARE,1.2857142857142858
[E2001R058] LINGUA GIAPPONESE I,1.2857142857142858
[E1501N082] ARCHEOLOGIA,1.2857142857142858
[A5810030] DIRITTO ECCLESIASTICO,1.2857142857142858
[E4001N009] DEMOGRAFIA,1.2815533980582525
[F5104P001] ANALISI MULTIVARIATA DEI DATI,1.28125
[E4001N047] SOCIOLOGIA 2,1.2810457516339868
[F5102P012] COMUNICAZIONE NELLE ORGANIZZAZIONE E COMUNICAZIONE SOCIALE,1.28
[E3401Q040] GEOGRAFIA FISICA,1.28
[G8501R011] LETTERATURA ITALIANA CON LABORATORIO,1.2790697674418605
[E2401P012] PSICOLOGIA DEL LAVORO E DELLE ORGANIZZAZIONI,1.2785714285714285
[F7701M076] COMMUNICATION MANAGEMENT,1.2777777777777777
[E2702Q003] FISICA I,1.2777777777777777
[E1901R080] PEDAGOGIA DEL GIOCO,1.2777777777777777
[E0201Q060] FERMENTAZIONI E BIOPROCESSI MICROBICI,1.2777777777777777
[E0201Q049] BIOCHIMICA,1.2777777777777777
[A5810055] DIRITTO DI FAMIGLIA,1.2777777777777777
[E1801M041] ISTITUZIONI E STORIA DELL'ECONOMIA,1.2765957446808511
[G8501R009] SOCIOLOGIA DELL'EDUCAZIONE,1.2758620689655173
[E1901R077] SOCIOLOGIA GENERALE,1.2758620689655173
[E1802M118] METODI MATEMATICI,1.2758620689655173
[E2401P103] PSICOPATOLOGIA GENERALE,1.2745098039215685
[F5701R019] PEDAGOGIA INTERCULTURALE E DELLA COOP.,1.2727272727272727
[E0201Q012] ECONOMIA AZIENDALE,1.2727272727272727
[F7701M077] DIRITTO PENALE DELL'ECONOMIA,1.2702702702702702
[G8501R001] PEDAGOGIA GENERALE CON LABORATORIO,1.2692307692307692
[E3001Q042] FISICA II,1.2692307692307692
[E1501N065] ECONOMIA CULTURALE E AMBIENTALE,1.2686567164179106
[E2001R037] LINGUISTICA GENERALE,1.267605633802817
[F9201P203] WEB MARKETING,1.2666666666666666
[F5701R006] ORGANIZZAZIONE E GESTIONE DELLE RISORSE UMANE,1.2666666666666666
[E2001R040] ISTITUZIONI DI CULTURA GIAPPONESE,1.2666666666666666
[G8501R022] LABORATORIO DI LINGUA INGLESE III,1.263157894736842
[E3401Q055] GEOLOGIA STRUTTURALE,1.263157894736842
[E1901R109] CLINICA DELLA FORMAZIONE,1.2622950819672132
[E3101Q128] RICERCA OPERATIVA E PIANIFICAZIONE DELLE RISORSE,1.2608695652173914
[I0201D101] CINESIOLOGIA,1.2592592592592593
[F7701M070] ULTERIORI CONOSCENZE LINGUISTICHE PER LE SCIENZE ECONOMICO AZIENDALI I - INGLESE,1.2592592592592593
[E1802M123] TECNICA PROFESSIONALE,1.2592592592592593
[G8501R017] FISICA E DIDATTICA DELLA FISICA CON LABORATORIO,1.2574257425742574
[I0101D025] METODOLOGIA CLINICA INFERMIERISTICA 2,1.2564102564102564
[H4101D013] SEMEIOTICA E SISTEMATICA 1,1.2535211267605635
[I0301D015] SANITA' PUBBLICA E MANAGEMENT SANITARIO,1.25
[G8501R029] PSICOLOGIA DELLE DISABILITA' E DELL'INTEGRAZIONE,1.25
[F9201P039] DATA WAREHOUSE,1.25
[F8501R024] FILOSOFIA DELLA MENTE E TEORIA DEGLI AFFETTI,1.25
[F8203B008] STATISTICAL MODELS IN EPIDEMIOLOGY,1.25
[F7601M061] ORGANIZZAZIONE E CONTROLLO DELLE AZIENDE,1.25
[F7502Q005] PHYSICS OF THE SEA,1.25
[F7502Q004] BIODIVERSITY AND MARINE ECOLOGY,1.25
[F7501Q089] ECOLOGIA E GESTIONE DELLE ACQUE INTERNE,1.25
[F7501Q084] CAMBIAMENTI CLIMATICI,1.25
[F7501Q076] ECONOMIA DELL?AMBIENTE E DELL?ENERGIA,1.25
[F7501Q003] GEOLOGIA AMBIENTALE,1.25
[F7401Q055] GEOTECNICA APPLICATA,1.25
[F5103P065] PSICOLOGIA SOCIALE DEI CONTESTI EDUCATIVI,1.25
[F5103P062] ECOLOGIA DELLO SVILUPPO,1.25
[F5102P003] METODOLOGIE QUALITATIVE,1.25
[F1801Q104] DATA ANALYTICS,1.25
[F1701Q083] TERMODINAMICA STATISTICA COMPUTAZIONALE DEI SOLIDI,1.25
[F0601Q069] ONCOLOGIA MOLECOLARE E CELLULARE,1.25
[E4102B043] PIANO DEGLI ESPERIMENTI,1.25
[E3301M154] DIRITTO DEI MERCATI FINANZIARI,1.25
[E3201Q082] FISIOLOGIA VEGETALE,1.25
[E3002Q002] ISTITUZIONI DI MATEMATICA II,1.25
[E2702Q004] FISICA II,1.25
[E2701Q040] CHIMICA FISICA DEI MATERIALI,1.25
[E2401P117] PSICOLOGIA DELL'EDUCAZIONE E DEI PROCESSI DI APPRENDIMENTO,1.25
[E2001R051] LINGUA ARABA I,1.25
[E2001R027] ANTROPOLOGIA DELLA CONTEMPORANEITÀ,1.25
[E1401A081] DIRITTO SINDACALE,1.25
[E1301Q066] BIOLOGIA MOLECOLARE,1.25
[E1301Q061] ECOFISIOLOGIA VEGETALE,1.25
[E0201Q051] IMMUNOLOGIA,1.25
[A5810109] DIRITTO PENALE DELL'INFORMATICA,1.25
[A5810054] DIRITTO DELLE SUCCESSIONI,1.25
[A5810052] DIRITTO DELL'ARBITRATO INTERNO E INTERNAZIONALE,1.25
[H4101D018] SEMEIOTICA E SISTEMATICA 3,1.2459016393442623
[E1801M046] STATISTICA PER IL MARKETING,1.2448979591836735
[F7701M105] L'ATTIVITA' DEI CONTROLLI LEGALI,1.2413793103448276
[E0201Q050] METODOLOGIE BIOCHIMICHE E TECNOLOGIE BIOMOLECOLARI,1.2413793103448276
[G8501R015] LABORATORIO DI LINGUA INGLESE II,1.2380952380952381
[E1802M122] ORGANIZZAZIONE E CONTROLLO AZIENDALE,1.2380952380952381
[E1401A010] DIRITTO AMMINISTRATIVO,1.2380952380952381
[E1901R009] PEDAGOGIA DELL'INFANZIA,1.2372881355932204
[E1901R002] FILOSOFIA DELL'EDUCAZIONE,1.2371134020618557
[I0202D101] CINESIOLOGIA,1.2352941176470589
[I0102D001] SCIENZE BIOMEDICHE 1,1.2352941176470589
[E1501N001] DIRITTO DEL TURISMO,1.2328767123287672
[F8501R011] CONSULENZA NEL DISAGIO EDUCATIVO: TEORIE E PRATICHE,1.2307692307692308
[F7701M092] METODI QUANTITATIVI PER L'AUDITING E IL CONTROLLO,1.2307692307692308
[E2004P009] PSICOLINGUISTICA,1.2307692307692308
[E1501N011] SOCIOLOGIA DEL TERRITORIO,1.2307692307692308
[E1501N007] LINGUA E TRADUZIONE INGLESE,1.2307692307692308
[E0201Q068] GENETICA,1.2307692307692308
[E1901R016] FILOSOFIA TEORETICA,1.2280701754385965
[G8501R010] DIDATTICA GENERALE CON LABORATORIO,1.2264150943396226
[I0302D007] PATOLOGIA,1.2222222222222223
[I0201D117] RIABILITAZIONE COGNITIVA,1.2222222222222223
[I0201D109] TECNICHE NEURORIABILITATIVE,1.2222222222222223
[I0102D016] LEGISLAZIONE E ORGANIZZAZIONE SANITARIA,1.2222222222222223
[F5701R020] STORIA DELLE ISTITUZIONI POL. SOCIALI I,1.2222222222222223
[F5401Q026] MODELLISTICA MOLECOLARE,1.2222222222222223
[E2401P032] COUNSELLING,1.2222222222222223
[E2401P029] TECNICHE DEL COLLOQUIO,1.2222222222222223
[E2004P039] METODI E STRUMENTI DI INDAGINE NEL CICLO DI VITA,1.2222222222222223
[G8501R002] STORIA DELLA PEDAGOGIA E DELLE ISTITUZIONI EDUCATIVE,1.2210526315789474
[G8501R014] GEOGRAFIA E DIDATTICA DELLA GEOGRAFIA CON LABORATORIO,1.2205882352941178
[G8501R019] TECNOLOGIE PER LA DIDATTICA,1.22
[G8501R041] DIDATTICA DELLA LETTURA E DELLA SCRITTURA CON LABORATORI E METODOLOGIA DELLA RICERCA PEDAGOGICA,1.2169811320754718
[E1802M034] ISTITUZIONI DI DIRITTO PRIVATO,1.2164948453608246
"[E2401P015] MOTIVAZIONE, EMOZIONE E PERSONALITÀ",1.2162162162162162
[I0102D903] ANATOMIA E FISIOLOGIA DELLA RIPRODUZIONE UMANA,1.2142857142857142
[F8501R021] PEDAGOGIA DELL'INTEGRAZIONE,1.2142857142857142
[F5701R004] SOCIOLOGIA DELL'INNOVAZIONE DI IMPRESA,1.2142857142857142
[F0101R006] ANTROPOLOGIA ECONOMICA E SVILUPPO,1.2142857142857142
[E3501Q010] ALGEBRA II,1.2142857142857142
[E2701Q041] LABORATORIO DI CHIMICA ORGANICA,1.2142857142857142
[E1501N083] TURISMO URBANO,1.2142857142857142
[G8501R016] PROGETTAZIONE DIDATTICA E VALUTAZIONE CON LABORATORIO,1.2127659574468086
[H4101D019] STATISTICA MEDICA,1.2121212121212122
[E1901R021] STORIA CONTEMPORANEA,1.2115384615384615
[H4101D011] SEMEIOTICA SU MANICHINI,1.2105263157894737
[F7701M027] DIRITTO INDUSTRIALE PER IL MANAGEMENT,1.2105263157894737
[F7701M101] ANALISI STRATEGICA E VALUTAZIONE FINANZIARIA D'AZIENDA,1.206896551724138
[G8501R030] PSICOPATOLOGIA DELLO SVILUPPO,1.2058823529411764
[E1901R017] FILOSOFIA MORALE,1.2058823529411764
[E0201Q046] INFORMATICA,1.2058823529411764
[F1801Q132] MODELLI E COMPUTAZIONE,1.2040816326530612
[I0301D007] PATOLOGIA,1.2
[I0201D116] VALUTAZIONE TRATTAMENTO DEL SISTEMA DI MOVIMENTO,1.2
[H4601D005] SCIENZE UMANE GENERALI,1.2
[H4101D028] CLINICA ORTOPEDICA E TRAUMATOLOGICA,1.2
[F8701N008] DIRITTO DEGLI STRANIERI,1.2
[F8501R003] TEORIE E PRATICHE DELLA NARRAZIONE,1.2
[F8204B018] DATA SCIENCE M,1.2
[F8204B001] ANALISI DELLE SERIE ECONOMICHE TEMPORALI E LONGITUDINALI M,1.2
[F8203B027] MODELLI STATISTICI APPLICATI ALLE SPERIMENTAZIONI CLINCHE I,1.2
[F7701M096] GOVERNANCE & COMPLIANCE,1.2
[F6302N022] DIRITTO DEI CONSUMATORI,1.2
[F5801Q045] COSMOLOGIA,1.2
[F5701R005] ORGANIZZAZIONE AZIENDALE AVANZATO,1.2
[F0601Q049] BIOLOGIA MOLECOLARE DEGLI EUCARIOTI,1.2
[F0101R004] ANTROPOLOGIA DELLE RELIGIONI,1.2
[E3301M144] ECONOMIA INTERNAZIONALE,1.2
[E3101Q131] METODI INFORMATICI PER LA GESTIONE AZIENDALE,1.2
[E3002Q027] CHIMICA,1.2
[E2702Q073] CHIMICA INORGANICA II E LABORATORIO,1.2
[E2702Q058] CHIMICA ANALITICA STRUMENTALE E LABORATORIO,1.2
[E2702Q043] CONTROLLO AMBIENTALE E SICUREZZA,1.2
[E2401P028] PSICOLOGIA DEL COMPORTAMENTO ECONOMICO E DEI CONSUMI,1.2
[E2001R055] LINGUA CINESE I,1.2
[E1802M115] METODI QUANTITATIVI PER L'AMMINISTRAZIONE DELLE IMPRESE,1.2
[E1802M030] DIRITTO COMMERCIALE,1.2
[E1601N056] SVILUPPO E ORGANIZZAZIONI,1.2
[E1401A088] ADR- STRUMENTI DI COMPOSIZIONE DELLE LITI NEL DIRITTO CIVILE,1.2
[E2004P038] WEB MARKETING,1.1967213114754098
[E2001R014] LOGICA E FILOSOFIA DELLA SCIENZA,1.1951219512195121
[E1301Q062] ECOLOGIA,1.1951219512195121
[A5810036] DIRITTO ROMANO,1.1944444444444444
[E2401P022] PSICOLOGIA DEL CICLO DI VITA,1.1923076923076923
[E1801M051] LINGUA - INGLESE,1.1923076923076923
[F5602M004] GLOBAL MACROECONOMICS,1.1904761904761905
[E3101Q123] SICUREZZA ED AFFIDABILITA',1.1904761904761905
[E1803M054] ECONOMIA DEL SETTORE FINANZIARIO,1.1904761904761905
[E1801M033] ISTITUZIONI DI DIRITTO PRIVATO,1.19
[E3301M193] MACROECONOMIA E POLITICHE ECONOMICHE,1.1896551724137931
[F8204B011] ECONOMIA APPLICATA M,1.1875
[F1801Q123] SICUREZZA INFORMATICA,1.1875
[E1301Q015] FISIOLOGIA GENERALE,1.1875
[E2401P100] ELEMENTI DI PSICOMETRIA CON LABORATORIO DI SPSS 1,1.1857142857142857
[H4101D029] CLINICA DERMATOLOGICA,1.1851851851851851
[H4101D004] BIOLOGIA E GENETICA,1.1851851851851851
[I0201D122] CLINICA CARDIO-POLMONARE,1.1818181818181819
[E3401Q017] GEOCHIMICA,1.1818181818181819
[E2401P031] FATTORI DI RISCHIO E PROTEZIONE NELLA FORMAZIONE DELLA PERSONALITÀ,1.1818181818181819
[A5810060] DIRITTO PENALE (PARTE SPECIALE),1.1818181818181819
[F5102P006] METODOLOGIE QUANTITATIVE,1.1794871794871795
[H4101D020] DIAGNOSTICA PER IMMAGINI E RADIOTERAPIA,1.1764705882352942
[E3001Q048] FISICA NUCLEARE E SUBNUCLEARE,1.173913043478261
[E0201Q052] LABORATORI DI TECNOLOGIE ABILITANTI,1.173913043478261
[F5101P126] PSICOBIOLOGIA DEL CICLO DI VITA,1.1724137931034482
[E1501N076] GENERE E TURISMO,1.1714285714285715
[F5701R003] TECNOLOGIE DELLA FORMAZIONE,1.170731707317073
[H4101D252] SCIENZE PROPEDEUTICHE,1.1666666666666667
[F9201P201] ELEMENTI DI INFORMATICA,1.1666666666666667
[F9201P033] INTELLIGENZA ARTIFICIALE,1.1666666666666667
[F8204B020] ECONOMICS FOR DATA SCIENCE M,1.1666666666666667
[F8204B019] MODELLI STATISTICI M,1.1666666666666667
[F7502Q001] CHEMISTRY OF MARINE ENVIRONMENT,1.1666666666666667
[F7501Q085] ECOTOSSICOLOGIA,1.1666666666666667
[F7401Q056] STATISTICA,1.1666666666666667
[F7401Q002] GEODINAMICA E GEOLOGIA STRUTTURALE,1.1666666666666667
[F5701R024] LABORATORIO DI LINGUA STRANIERA,1.1666666666666667
[F5104P005] PSICOLOGIA CLINICA,1.1666666666666667
[F4901N071] METODI QUANTITATIVI E QUALITATIVI DELLA RICERCA SOCIALE,1.1666666666666667
[F4901N004] STORIA DELLE POLITICHE CULTURALI,1.1666666666666667
[F1801Q129] SISTEMI E SERVIZI DI TELECOMUNICAZIONE,1.1666666666666667
[F0901D045] PHARMACOLOGY,1.1666666666666667
[E3501Q057] ANALISI COMPLESSA,1.1666666666666667
[E3301M145] BILANCIO,1.1666666666666667
[E2701Q038] CHIMICA MACROMOLECOLARE CON LABORATORIO,1.1666666666666667
[E2001R060] LINGUA GIAPPONESE III,1.1666666666666667
[E2001R053] LINGUA ARABA III,1.1666666666666667
[E1601N017] DIRITTO DEL LAVORO,1.1666666666666667
[E1401A025] DIRITTO DEI MERCATI FINANZIARI,1.1666666666666667
[A5810131] DIRITTO PARLAMENTARE,1.1666666666666667
[E1501N053] ARTE E ARCHITETTURA,1.1627906976744187
[F5104P006] COMPITI EVOLUTIVI E CLINICA DELL'ADOLESCENTE E DEL GIOVANE ADULTO,1.16
[I0302D011] FARMACOLOGIA E TOSSICOLOGIA,1.1578947368421053
"[I0101D003] IGIENE, MEDICINA DEL LAVORO E STATISTICA MEDICA",1.1578947368421053
[A5810138] SOCIOLOGIA DEI DIRITTI FONDAMENTALI,1.1578947368421053
[E3301M135] MANAGEMENT E SISTEMA FINANZIARIO,1.15625
[E3001Q033] ANALISI MATEMATICA I,1.15625
[H4101D035] CLINICA MEDICA,1.1538461538461537
[F8501R058] PROGETTAZIONE E VALUTAZIONE DEI SERVIZI E DEGLI INTERVENTI EDUCATIVI CON LABORATORIO,1.1538461538461537
[F8501R002] ERMENEUTICA DELLA FORMAZIONE E PRATICHE IMMAGINALI,1.1538461538461537
[F0802Q038] GENETICA MOLECOLARE,1.1538461538461537
[E2001R031] LINGUISTICA APPLICATA,1.1538461538461537
[E1901R088] PSICOLOGIA CLINICA DI COMUNITA',1.1538461538461537
[E1803M070] ECONOMIA DEL MERCATO MOBILIARE,1.1538461538461537
[E0201Q008] BIOLOGIA MOLECOLARE I,1.1538461538461537
[E1901R034] PEDAGOGIA SOCIALE,1.1515151515151516
[F7702M056] ADVANCED COMPETITIVE MANAGEMENT,1.15
[F7702M042] METODI E STRUMENTI PER LE INDAGINI DI MARKETING,1.15
[E1901R104] DIDATTICA E PEDAGOGIA DELL'INCLUSIONE,1.15
[E2401P011] PSICOLOGIA SOCIALE,1.1470588235294117
[I0101D005] SCIENZE BIOMEDICHE 2,1.1458333333333333
[G8501R024] PEDAGOGIA INTERCULTURALE,1.1451612903225807
[I0303D006] TECNICHE DI DIAGNOSTICA PER IMMAGINI I,1.1428571428571428
[H4101D037] PEDIATRIA,1.1428571428571428
[F9201P025] STRUMENTI E APPLICAZIONI DEL WEB,1.1428571428571428
[F8501R057] PSICOLOGIA CLINICA II,1.1428571428571428
[F7502Q003] INTRODUCTION TO MARINE PHYSICAL GEOGRAPHY,1.1428571428571428
[F5102P019] PSICOLOGIA DELLE CONDOTTE FINANZIARIE,1.1428571428571428
[F1801Q128] METODI DEL CALCOLO SCIENTIFICO,1.1428571428571428
[F1801Q120] INFORMATICA GRAFICA,1.1428571428571428
[F1801Q110] INFORMATION RETRIEVAL,1.1428571428571428
[F1701Q081] MECCANICA STATISTICA,1.1428571428571428
[E3401Q045] LABORATORIO SIT,1.1428571428571428
[E3101Q106] PROGRAMMAZIONE 2,1.1428571428571428
[E2701Q042] LABORATORIO DI FISICA II,1.1428571428571428
[E2401P068] SOCIOLOGIA,1.1428571428571428
[E2001R038] ISTITUZIONI DI CULTURA ARABA,1.1428571428571428
[F8501R008] POLITICHE SOCIALI II,1.1363636363636365
[E3401Q006] PALEONTOLOGIA,1.1363636363636365
[G8501R039] MEDIAZIONE DIDATTICA E STRATEGIE DI GRUPPO CON LABORATORIO E LEGISLAZIONE SCOLASTICA,1.1358024691358024
[I0201D110] RADIAZIONI E RIABILITAZIONE,1.1333333333333333
[E3401Q053] INTRODUZIONE ALLA GEOGRAFIA DEGLI OCEANI,1.1333333333333333
[E3101Q110] RETI E SISTEMI OPERATIVI,1.1333333333333333
[F8501R005] CONSULENZA FAMILIARE: TEORIE E PRATICHE,1.1304347826086956
[H4101D254] MEDICINA E SOCIETA',1.127659574468085
[K0101D001] STORIA E FILOSOFIA DELL'ASSISTENZA INFERMIERISTICA E OSTETRICA,1.125
[I0102D012] RICERCA OSTETRICO-GINECOLOGICA E NEONATALE,1.125
[I0102D010] NORMALITA' DELLA NASCITA,1.125
[F7701M093] METODI QUANTITATIVI PER IL MANAGEMENT,1.125
[F5301Q008] ANALISI FUNZIONALE,1.125
[F1601M065] METODI QUANTITATIVI PER LE ASSICURAZIONI,1.125
[F0601Q052] MICROBIOLOGIA MOLECOLARE,1.125
[E3401Q014] PETROGRAFIA,1.125
[E3301M143] ECONOMIA DEI MERCATI FINANZIARI,1.125
[E3002Q010] TECNICHE FISICHE PER L?OPTOMETRIA GENERALE,1.125
[E2001R039] ISTITUZIONI DI CULTURA CNESE,1.125
[E1901R085] CINEMA E ARTI VISIVE,1.125
[E0201Q072] FISICA,1.125
[A5810050] DIRITTO DEI MERCATI FINANZIARI,1.125
[F5103P066] NEUROPSICOLOGIA DELLO SVILUPPO,1.1176470588235294
[E3101Q107] ALGORITMI E STRUTTURE DATI,1.1153846153846154
[E2004P010] STORIA DELLA SCIENZA,1.1153846153846154
[H4101D014] SEMEIOTICA E SISTEMATICA 2,1.1132075471698113
[I0201D103] METODOLOGIA DELLA RIABILITAZIONE,1.1111111111111112
[F9201P204] ELABORAZIONE DI DATI MULTIMEDIALI,1.1111111111111112
[F8204B014] DATA MINING M,1.1111111111111112
[F5104P008] DALLA DIAGNOSI ALLE INDICAZIONI AL TRATTAMENTO CLINICO,1.1111111111111112
[F1601M053] STATISTICA PER LA FINANZA,1.1111111111111112
[E4102B079] ANALISI DEI DATI,1.1111111111111112
[E3901N012] DIRITTO PRIVATO E DI FAMIGLIA,1.1111111111111112
[E3501Q053] TEORIA DELLA MISURA,1.1111111111111112
[E2401P005] BIOLOGIA E GENETICA,1.1111111111111112
[E1801M053] LINGUA - TEDESCO,1.1111111111111112
[E1501N072] TURISMO E COMUNITA' LOCALE,1.1111111111111112
[E1803M052] DIRITTO COMMERCIALE E LEGISLAZIONE BANCARIA,1.1071428571428572
[F9201P011] LABORATORIO DI COMUNICAZIONE VISIVA,1.105263157894737
[E3201Q008] LABORATORIO DI INTEGRAZIONE I,1.105263157894737
[I0302D019] SANITA' PUBBLICA E MANAGEMENT SANITARIO,1.1
[I0201D102] TECNICHE ISPETTIVE E OSSERVAZIONALI,1.1
[F7401Q065] VALUTAZIONE DEI RISCHI GEOLOGICI,1.1
[F5701R010] SISTEMI INFORMATIVI PER LA GESTIONE DELLA CONOSCENZA,1.1
[F5104P013] NEUROSCIENZE COGNITIVE DEI PROCESSI SOCIALI E AFFETTIVI,1.1
[F5104P011] METODI NEURO-FUNZIONALI IN NEUROPSICOLOGIA E PSICOLOGIA CLINICA,1.1
[F1801Q122] TEORIA DELL'INFORMAZIONE E CRITTOGRAFIA,1.1
[F1601M050] ECONOMETRICS,1.1
[E1501N077] ORGANIZZAZIONE DELLE STRUTTURE TURISTICHE,1.1
[A5810063] DIRITTO PENITENZIARIO,1.1
[E3101Q102] FONDAMENTI DELL'INFORMATICA,1.0975609756097562
[E3101Q103] BASI DI DATI,1.095617529880478
[I0201D115] MEDICINA RIABILITATIVA,1.0909090909090908
[H4101D031] MEDICINA LEGALE,1.0909090909090908
[F7702M017] ALTRE CONOSCENZE DI MARKETING E COMUNICAZIONE PER IL MONDO DEL LAVORO,1.0909090909090908
[F1601M054] FINANCIAL ECONOMICS,1.0909090909090908
[F0601Q056] FARMACOLOGIA DEI CHEMIOTERAPICI,1.0909090909090908
[G8501R028] MUSICA E DIDATTICA DELLA MUSICA CON LABORATORIO,1.088235294117647
[F5701R009] CAMBIAMENTO ORGANIZZATIVO,1.0869565217391304
[E2001R006] ESTETICA,1.0857142857142856
[F7501Q020] TOSSICOLOGIA AMBIENTALE,1.0833333333333333
[F4901N070] DEMOGRAFIA INTERNAZIONALE,1.0833333333333333
[F1601M051] QUANTITATIVE FINANCE,1.0833333333333333
[E4101B022] STATISTICA AZIENDALE,1.0833333333333333
[E3101Q109] ANALISI E PROGETTAZIONE DEL SOFTWARE,1.0833333333333333
[E1901R091] PSICOLOGIA CLINICA,1.0833333333333333
[I0301D031] ELEMENTI D'IGIENE DELLA NUTRIZIONE E DELLE COMUNITA' E DI MALATTIE ODONTOSTOMATOLOGICHE,1.0769230769230769
[F7702M048] ANALISI QUANTITATIVE D'IMPRESA PER I MERCATI GLOBALI,1.0769230769230769
[F5301Q001] FISICA DELLO STATO SOLIDO,1.0769230769230769
[F5102P022] INTERVENTO PSICOSOCIALE DI PROMOZIONE DEL BENESSERE,1.0769230769230769
[E3201Q066] FISICA GENERALE,1.0769230769230769
[E1801M043] MARKETING,1.0769230769230769
[E1901R096] TIROCINIO - INSERIMENTO NELLE ORGANIZZAZIONI,1.0740740740740742
[F7601M005] MARKETING E COMUNICAZIONE DEL TURISMO,1.0714285714285714
[F0601Q047] EVOLUZIONE MOLECOLARE,1.0714285714285714
[F0101R001] METODOLOGIA RICERCA ANTROPOLOGICA,1.0714285714285714
[E3901N008] PRINCIPI E FONDAMENTI DEL SERVIZIO SOCIALE,1.0714285714285714
[E3001Q044] LABORATORIO II,1.0714285714285714
[E1601N009] SOCIOLOGIA ECONOMICA E DEL LAVORO,1.0704225352112675
[E3901N031] DISAGIO PSICHICO,1.0666666666666667
[E4001N014] PSICOLOGIA SOCIALE,1.0655737704918034
[G8501R025] LABORATORIO DI LINGUA INGLESE IV,1.0625
[E3901N002] METODOLOGIA DELLA RICERCA SOCIALE,1.0625
[G8501R027] STORIA E DIDATTICA DELLA STORIA 2,1.0606060606060606
[H4101D027] SPECIALITA' MEDICO CHIRURGICHE,1.0588235294117647
[E1803M100] MICROECONOMIA E STORIA ECONOMICA,1.0588235294117647
[E1501N081] WEB MARKETING,1.0555555555555556
[G8501R008] LABORATORIO DI LINGUA INGLESE I,1.0526315789473684
[F8501R055] CONSULENZA CLINICA NELLA FORMAZIONE: TEORIE E PRATICHE CON LABORATORIO,1.0526315789473684
[G8501R003] PSICOLOGIA DELLO SVILUPPO CON LABORATORIO,1.0508474576271187
[E3001Q010] MATEMATICA PER LA FISICA,1.05
[E3401Q043] SEDIMENTOLOGIA,1.0454545454545454
[E1801M045] ECONOMIA E DIRITTO DEGLI SCAMBI E DEI MERCATI GLOBALI,1.0434782608695652
[H4101D025] MALATTIE DEL SISTEMA NERVOSO,1.04
[E1301Q064] MICROBIOLOGIA,1.0384615384615385
[E1901R095] TIROCINIO - ATTIVITA' PROPEDEUTICHE,1.0285714285714285
[K0101D012] TIROCINIO,1
[K0101D011] DINAMICHE DEI PROCESSI LAVORATIVI,1
[K0101D009] MANAGEMENT INFERMIERISTICO E OSTETRICO,1
[K0101D008] METODOLOGIE DIDATTICHE NELLE SCIENZE INFERMIERISTICHE E OSTETRICHE,1
[K0101D006] SCIENZE PSICOPEDAGOGICHE,1
[K0101D005] ANALISI DEONTOLOGICA E NORMATIVA,1
[K0101D004] METODOLOGIA DELLA RICERCA INFERMIERISTICA E OSTETRICA,1
[K0101D002] METODOLOGIA DI ANALISI SOCIO-SANITARIA,1
[I0303D012] TECNICHE DI DIAGNOSTICA PER IMMAGINI III,1
[I0303D011] FARMACOLOGIA E RADIOFARMACI,1
[I0303D008] TECNICHE DI DIAGNOSTICA PER IMMAGINI II,1
[I0303D005] PREVENZIONE SANITARIA,1
[I0302D038] INTERNATO DI LABORATORIO IN ALLERGOLOGIA,1
[I0302D027] DIAGNOSTICA INTERNISTICA,1
[I0302D014] LINGUA INGLESE A LIVELLO B2 (O SUPERIORE),1
[I0302D010] SCIENZE CLINICHE,1
[I0302D004] PREVENZIONE SANITARIA,1
[I0301D029] INFORMATICA PER LE PROFESSIONI SANITARIE,1
[I0301D016] TIROCINIO 3,1
[I0301D013] DISCIPLINE CARATTERIZZANTI,1
[I0301D010] SCIENZE CLINICHE,1
[I0202D120] NEUROLOGIA E NEUROPSICHIATRIA INFANTILE,1
[I0202D118] SCIENZE PSICOMOTORIE E RIABILITATIVE 2,1
[I0202D113] NEUROPSICHIATRIA INFANTILE E SCIENZE PEDIATRICHE,1
[I0202D111] LABORATORI PROFESSIONALIZZANTI 1,1
[I0202D109] SCIENZE NEUROPSICOLOGICHE E PEDAGOGICHE,1
[I0202D105] TIROCINIO 1,1
[I0201D119] RESPONSABILITA? PROFESSIONALI FORMATIVE E GESTIONALI ED ORGANIZZAZIONE SANITARIA,1
[I0201D118] TECNICHE SPECIALISTICHE,1
[I0201D113] SEMINARI TECNOLOGICI,1
[I0201D111] CLINICA DELL?APPARATO OSTEOARTICOLARE,1
[I0201D108] NEUROPSICHIATRIA NEUROFISIOLOGIA E SVILUPPO,1
[I0201D107] TIROCINIO I,1
[I0201D105] FONDAMENTI FISIOPATOLOGICI,1
[I0201D081] DIAGNOSI DIFFERENZIALE FISIOTERAPICA IN PAZIENTI CON VERTIGINI,1
"[I0201D078] APPROCCIO RIABILITATIVO AL PAZIENTE CON ICTUS CEREBRALE, GRASP AND REACH TRAINING",1
[I0201D070] APPROCCIO MULTIMODALE AL TRATTAMENTO DELLE CERVICALGIE DA ?COLPO DI FRUSTA?,1
[I0201D023] APPROCCIO RIABILITATIVO AL PAZIENTE EMIPLEGICO ADULTO. CONCETTO BOBATH,1
[I0102D905] EMERGENZE OSTETRICO-GINECOLOGICHE E NEONATALI,1
[I0102D904] PATOLOGIA DELLA NASCITA,1
[I0102D901] FONDAMENTI DI SCIENZE INFERMIERISTICHE ED OSTETRICHE,1
[I0102D126] MIDWIFERY CASE LOAD STUDENT,1
[I0102D120] INTERNATO PER IL MASSAGGIO INFANTILE,1
[I0102D119] INTERNATI DI ACCOMPAGNAMENTO ALLA NASCITA,1
"[I0102D118] MALTRATTAMENTO ED ABUSO: ASPETTI MEDICO-LEGALI, VITTIMOLOGICI E CRIMINOLOGICI",1
[I0102D017] FISIOPATOLOGIA GENERALE E GINECOLOGIA,1
[I0102D011] SALUTE DI GENERE,1
[I0101D904] TIROCINIO 3,1
[I0101D903] TIROCINIO 2,1
[I0101D902] TIROCINIO 1,1
[I0101D125] TRAPPOLE ED INSIDIE DEL PROCESSO DECISIONALE NELL'ESERCIZIO DELLA PROFESSIONE INFERMIERISTICA,1
[I0101D122] L'ASSISTENZA INFERMIERISTICA IN AMBITO PENITENZIARIO,1
[I0101D120] L?ASSISTENZA INFERMIERISTICA ALLE PERSONE PORTATRICI DI STOMIA,1
[I0101D119] L?ABUSO SESSUALE MINORILE ED IL RUOLO INFERMIERISTICO,1
[I0101D118] ALCOLISMO E PROBLEMI ALCOLCORRELATI,1
[I0101D117] SALUTE GLOBALE E EQUITA' IN SALUTE,1
[I0101D116] LE MEDICAZIONI AVANZATE NEL TRATTAMENTO DELLE ULCERE CUTANEE CRONICHE,1
[I0101D115] LE FERITE CHIRURGICHE E LE LESIONI DA PRESSIONE: LA PRATICA NEL WOUND CARE,1
[I0101D112] LA RESPONSABILITA' PROFESSIONALE DELL'INFERMIERE ATTRAVERSO L'ANALISI DI CASI ASSISTENZIALI,1
[I0101D111] LA NUTRIZIONE PARENTERALE ED ENTERALE: ASPETTI ORGANIZZATIVI ED OPERATIVI,1
[I0101D110] LA CURA DELLA RELAZIONE NELL?INFERMIERE,1
[I0101D109] IL PROCESSO DI DONAZIONE D'ORGANO: L'ASSISTENZA INFERMIERISTICA ALLA PERSONA POTENZIALE DONATORE D'ORGANO,1
[I0101D107] LETTURA E INTERPRETAZIONE DELL?E.C.G.,1
[I0101D103] L?ASSISTENZA ALLA PERSONA AFFETTA DA MALATTIA DI ALZHEIMER,1
[I0101D101] APPROFONDIMENTI IN DERMATOLOGIA CLINICA,1
[I0101D024] SEMINARI METODOLOGICI 2,1
[H4601D068] ANSIA E FOBIA DENTALE: MODELLI DI TRATTAMENTO,1
[H4601D066] BIOLOGIA E GENETICA,1
[H4601D063] INTERNATO IN SALA OPERATORIA ODONTOIATRICA,1
[H4601D059] INTERNATO IN REPARTO DI ORTODONZIA 2,1
[H4601D058] INTERNATO IN REPARTO DI ORTODONZIA 1,1
[H4601D057] INTERNATO IN REPARTO DI CHIRURGIA ODONTOIATRICA,1
[H4601D056] INTERNATO IN REPARTO DI PARODONTOLOGIA,1
[H4601D049] ELEMENTI BASE DI FOTOGRAFIA DIGITALE E PRESENTAZIONE POWER POINT,1
[H4601D048] LA DONAZIONE DI ORGANI: UN'OPPORTUNITA' PER LA VITA,1
[H4601D037] ANATOMIA FUNZIONALE APPARATO STOMATOGNATICO,1
[H4601D032] INGLESE DI BASE A LIVELLO B2,1
[H4601D027] CLINICA ODONTOSTOMATOLOGICA,1
[H4601D026] IMPLANTOLOGIA,1
[H4601D024] ODONTOIATRIA RESTAURATIVA ED ORTODONZIA,1
[H4601D023] PARADONTOLOGIA,1
[H4601D022] PATOLOGIE OTORINOLARINGOIATRICHE E MAXILLO-FACCIALI,1
[H4601D021] ODONTOIATRIA PROTESICA,1
[H4601D020] CHIRURGIA ORALE,1
[H4601D019] MEDICINA LEGALE E STORIA DELLA ODONTOIATRIA,1
[H4601D015] TECNOLOGIE PROTESICHE ED ECONOMIA AZIENDALE,1
[H4601D014] FARMACOLOGIA ED ANESTESIOLOGIA,1
[H4601D013] MEDICINA PROPEDEUTICA,1
[H4601D012] DISCIPLINE GENERALI ODONTOSTOMATOLOGICHE,1
[H4601D011] MATERIALI DENTARI,1
[H4601D010] ODONTOIATRIA PREVENTIVA E PROPEDEUTICA,1
[H4601D008] RADIOLOGIA,1
[H4601D006] FISIOLOGIA,1
[H4601D004] BIOCHIMICA,1
[H4101D296] DIPENDENZE PATOLOGICHE DA SOSTANZE E NON,1
"[H4101D294] CERVELLO E MUSICA, LA NEUROMUSICOLOGIA",1
[H4101D293] NEUROESTETICA: ARTE E CERVELLO,1
[H4101D291] IMMUNOLOGIA DEL FEGATO: MALATTIE AUTOIMMUNI DEL FEGATO,1
[H4101D283] STRUMENTI PER LA GESTIONE DEI DISTURBI DEL SONNO TRA GLI STUDENTI UNIVERSITARI,1
[H4101D280] LA PROFESSIONE MEDICA: DIRITTI DOVERI E PROSPETTIVE PER IL GIOVANE MEDICO,1
"[H4101D273] ALIMENTAZIONE E SALUTE, CIBO E CERVELLO",1
[H4101D249] PRESSIONE ARTERIOSA ED EMODINAMICA VASCOLARE: DALLA FISIOLOGIA ALLA PREVENZIONE CARDIOVASCOLARE,1
[H4101D248] APPROFONDIMENTI DI STATISTICA MEDICA PER LA RICERCA CLINICA,1
[H4101D247] PSICHIATRIA FORENSE IN ETA' EVOLUTIVA,1
[H4101D246] LA TERAPIA DELLE EPATITI VIRALI,1
[H4101D243] UN CERVELLO BIZZARRO: STORIA E NEUROLOGIA DEI TIC,1
[H4101D238] EDUCAZIONE NON FORMALE,1
[H4101D236] INTERNATO IN FISIOLOGIA,1
[H4101D232] INTERNATO IN REPARTO DI ANESTESIA RIANIMAZIONE E TERAPIA INTENSIVA 1 HSG,1
[H4101D231] INTERNATO IN REPARTO DI CARDIOLOGIA H NIGUARDA,1
[H4101D224] STORIA DEI FARMACI,1
[H4101D217] MEDICINA TRA MITO E LEGGENDA,1
[H4101D214] IMAGING CARDIOVASCOLARE,1
[H4101D213] IL BAMBINO CON BISOGNI SPECIALI DI CURA: LA PEDIATRIA DELLA DISABILITA',1
[H4101D205] TIROCINIO PROFESSIONALIZZANTE AREA CHIRURGICA 2,1
[H4101D203] TIROCINIO PROFESSIONALIZZANTE AREA MEDICA 1,1
[H4101D198] INTERNATO IN REPARTO DI OCULISTICA,1
[H4101D189] INTERNATO IN REPARTO DI ANATOMIA PATOLOGICA H. SAN GERARDO,1
[H4101D184] INTERNATO IN REPARTO DI ORTOPEDIA E TRAUMATOLOGIA,1
[H4101D183] INTERNATO IN REPARTO DI NEUROCHIRURGIA,1
[H4101D182] INTERNATO IN REPARTO DI OSTETRICIA,1
[H4101D178] INTERNATO IN REPARTO DI NEUROLOGIA,1
[H4101D173] INTERNATO IN REPARTO DI MEDICINA INTERNA,1
[H4101D170] LA DEGENERAZIONE MACULARE SENILE,1
[H4101D154] ANALGESIA E TERAPIA DEL DOLORE,1
[H4101D143] MALATTIE INFIAMMATORIE INTESTINALI CRONICHE,1
[H4101D131] MEDICINA DEI TRAPIANTI D?ORGANO SOLIDO: IL TRAPIANTO DI FEGATO,1
[H4101D130] LO STATO CONFUSIONALE ACUTO (DELIRIUM),1
[H4101D118] UNITA' RICERCA CLINICA IN EMATOLOGIA,1
[H4101D117] INTERNATO PRESSO DIPARTIMENTO DIPENDENZE ASL MB,1
[H4101D112] INTERNATO IN REPARTO DI NEFROLOGIA,1
[H4101D109] INTERNATO IN REPARTO DI IGIENE E MEDICINA PREVENTIVA,1
[H4101D107] INTERNATO IN REPARTO DI EMATOLOGIA,1
[H4101D105] INTERNATO IN REPARTO DI CHIRURGIA GENERALE,1
[H4101D104] INTERNATO IN REPARTO DI CHIRURGIA DELL'APPARATO DIGERENTE,1
[H4101D103] INTERNATO IN REPARTO DI CARDIOLOGIA H. SAN LUCA,1
[H4101D102] INTERNATO IN REPARTO DI ANATOMIA PATOLOGICA H. DESIO,1
[H4101D101] INTERNATO IN REPARTO DI CHIRURGIA VASCOLARE,1
"[H4101D099] INTERNATO IN LABORATORIO ""CENTRO FEGATO""",1
[H4101D098] INTERNATO IN REPARTO DI MEDICINA DELLO SPORT,1
[H4101D097] INTERNATO IN REPARTO DI BIOCHIMICA CLINICA,1
[H4101D093] STRUMENTI PER LA GESTIONE DI SITUAZIONI ANSIOGENE,1
[H4101D090] LE PNEUMOPATIE INFILTRATIVE DIFFUSE,1
[H4101D088] LA SALUTE DEI MIGRANTI,1
[H4101D087] LA RELAZIONE CON IL PAZIENTE ONCOLOGICO: ASPETTI PSICOLOGICI,1
[H4101D083] INNOVAZIONI TECNOLOGICHE IN CHIRURGIA,1
[H4101D076] ASPETTI NUTRIZIONALI NELL'INSUFFICIENZA RENALE,1
[H4101D074] ARRESTO CARDIACO,1
[H4101D069] DISAGIO PSICHICO E SOCIETA',1
[H4101D068] ATEROSCLEROSI CAROTIDEA E ICTUS,1
[H4101D067] COSCIENZA E SOGNO,1
[H4101D066] ARTERIOSCLEROSI,1
[H4101D057] PROMOZIONE DELLA SALUTE INFANTILE NEI PAESI IN VIA DI SVILUPPO,1
[H4101D050] INIBITORI DI PROTEINO KINASI IN ONCOEMATOLOGIA,1
[H4101D048] IL PAZIENTE DIFFICILE: ASPETTI RELAZIONALI NELLE PROFESSIONI SANITARIE,1
[H4101D046] EVOLUZIONE STORICA DELLE NEUROSCIENZE,1
"[H4101D044] RAPPRESENTARE IL CORPO UMANO: TRA ANATOMIA, ARTE E ANTROPOLOGIA",1
[H4101D041] INTERNATO DI LAUREA,1
[H4101D030] OSTETRICIA E GINECOLOGIA,1
[H4101D015] TIROCINIO PROFESSIONALIZZANTE AREA CHIRURGICA 1,1
[G8501R035] ATTIVITA' DI TIROCINIO DEL V ANNO,1
[G8501R034] ATTIVITA' DI TIROCINIO DEL IV ANNO,1
[G8501R033] ATTIVITA' DI TIROCINIO DEL III ANNO,1
[G8501R032] ATTIVITA' DI TIROCINIO DEL II ANNO,1
[G8501R031] LABORATORIO DI LINGUA INGLESE V,1
[G8501R020] LABORATORIO DI TECNOLOGIE DIDATTICHE,1
[F9201P202] PSICOLOGIA COGNITIVA PER LA COMUNICAZIONE,1
[F9201P037] INFORMATICA GRAFICA,1
[F9201P036] IMAGING DIGITALE,1
[F9201P034] INFORMATICA PER L'ORGANIZZAZIONE,1
[F9201P032] UBIQUITOUS E CONTEXT-AWARE COMPUTING,1
[F9201P030] TECNOLOGIE E APPLICAZIONI DEI SISTEMI DISTRIBUITI,1
[F9201P028] LABORATORIO DI PROGETTAZIONE,1
[F9201P027] GESTIONE DELLA CONOSCENZA,1
[F9201P026] SISTEMI INFORMATIVI,1
[F9201P021] PSICOLOGIA DELLE INFLUENZE SOCIALI,1
[F9201P007] ERGONOMIA COGNITIVA,1
[F9201P006] PSICOFISICA E PERCEZIONE,1
[F8801N045] GENERI E GENERAZIONI,1
[F8801N043] SOCIOLOGIA DEI PROCESSI ORGANIZZATIVI,1
[F8801N038] COESIONE SOCIALE,1
[F8701N045] LE POLITICHE PER LA SALUTE GLOBALE,1
[F8701N044] LA PROGRAMMAZIONE SOCIALE,1
[F8701N043] CRIMINOLOGIA E SICUREZZA URBANA,1
[F8701N040] RELAZIONI INTERCULTURALI,1
[F8701N039] PIANIFICAZIONE E GESTIONE DEI PROGETTI,1
[F8701N035] LE FORME DELLA MEDIAZIONE,1
[F8701N014] SERVIZIO SOCIALE IN EUROPA,1
[F8701N013] SOCIETA' EUROPEE COMPARATE,1
[F8701N010] LA POLITICA E LE POLITICHE,1
[F8701N006] COOPERAZIONE E TUTELA DEI DIRITTI UMANI,1
"[F8701N002] PLURALISMO GIURIDICO, PLURALISMO CULTURALE",1
[F8501R059] IDENTITA' E PERSONA,1
[F8501R033] TIROCINI FORMATIVI E DI ORIENTAMENTO,1
[F8501R031] EPISTEMOLOGIA,1
[F8501R026] FILOSOFIA DELLA RELAZIONE E DEL DIALOGO,1
[F8501R019] PSICOLOGIA DELLA COMUNICAZIONE E DELLE ORGANIZZAZIONI,1
[F8501R016] TEORIE E PRATICHE DELLA COMUNICAZIONE EDUCATIVA,1
[F8501R015] ORGANIZZAZIONE E COORD DEI SERVIZI EDUCATIVI,1
[F8204B027] STATISTICA AZIENDALE M,1
[F8204B025] MACROECONOMIA M,1
[F8204B023] ECONOMIA FINANZIARIA M,1
[F8204B022] GESTIONE DEL RISCHIO M,1
[F8204B013] INTRODUZIONE ALL'INFERENZA STATISTICA M,1
[F8204B009] MODELLI ECONOMICI M,1
[F8204B006] MACHINE LEARNING M,1
[F8203B031] ELEMENTI DI MEDICINA PER LA RICERCA CLINICA,1
[F8203B029] INTRODUZIONE AI MODELLI STATISTICI,1
[F8203B028] MODELLI STATISTICI APPLICATI ALLE SPERIMENTAZIONI CLINICHE II,1
[F8203B020] VALUTAZIONE STATISTICA DEI SISTEMI SANITARI,1
[F8203B019] FARMACOEPIDEMIOLOGIA,1
[F8203B017] MODELLI STATISTICI PER LA GENETICA,1
[F8203B016] STATISTICA SPAZIALE,1
[F8203B010] MODELLI STATISTICI I,1
[F8203B007] ANALISI E MODELLI DEMOGRAFICI,1
[F8203B001] METODOLOGIA DELLA RICERCA CLINICA ED EPIDEMIOLOGICA (E-LEARNING),1
[F7702M026] ULTERIORI CONOSCENZE LINGUISTICHE PER IL MARKETING - SPAGNOLO,1
[F7702M006] RICERCHE DI MARKETING S,1
[F7701M102] ECONOMIA INDUSTRIALE E DELLA CONCORRENZA E STORIA DELL'IMPRESA,1
[F7701M071] ULTERIORI CONOSCENZE LINGUISTICHE PER LE SCIENZE ECONOMICO AZIENDALI I - FRANCESE,1
[F7701M044] DIRITTO DEL LAVORO AVANZATO,1
[F7601M066] ULTERIORI CONOSCENZE LINGUISTICHE PER IL TURISMO - SPAGNOLO,1
[F7601M065] ULTERIORI CONOSCENZE LINGUISTICHE PER IL TURISMO - TEDESCO,1
[F7601M064] ULTERIORI CONOSCENZE LINGUISTICHE PER IL TURISMO - FRANCESE,1
[F7601M059] LINGUA TEDESCA PER LE SCIENZE TURISTICHE,1
[F7601M053] INFORMATICA E PROGRAMMAZIONE PER IL TURISMO,1
[F7601M012] STORIA ECONOMICA DEL TURISMO,1
[F7502Q021] APPLIED GEOMORPHOLOGY AND HABITAT,1
[F7502Q016] HUMAN GEOGRAPHY OF SMALL ISLAND SYSTEMS,1
[F7502Q013] GEOBIOLOGY,1
[F7502Q012] MARINE VERTEBRATE ZOOLOGY,1
[F7502Q011] MARINE INVERTEBRATE ZOOLOGY,1
[F7502Q002] INTRODUCTION TO MARINE BIOLOGY,1
[F7501Q090] MICROBIOLOGIA APPLICATA,1
[F7501Q082] BIODIVERSITÀ E CONSERVAZIONE,1
"[F7501Q081] QUALITÀ, DEGRADAZIONE E CONSERVAZIONE DEI SUOLI",1
[F7501Q080] PROCESSI E IMPIANTI DI TRATTAMENTO E BONIFICA,1
[F7501Q078] IDROGEOLOGIA,1
[F7501Q059] TELERILEVAMENTO APPLICATO,1
[F7501Q056] GESTIONE DELLE EMERGENZE IDROGEOLOGICHE,1
[F7501Q053] PROCESSI A BASSO IMPATTO AMBIENTALE,1
[F7501Q051] CHIMICA FISICA AMBIENTALE,1
[F7501Q049] CHIMICA DELL'ATMOSFERA,1
[F7501Q047] CHEMIOMETRIA,1
[F7501Q040] BOTANICA APPLICATA,1
[F7501Q037] DIRITTO AMBIENTALE,1
[F7501Q036] CHIMICA AMBIENTALE,1
[F7401Q095] PALEOCEANOGRAFIA E PALEOCLIMATOLOGIA,1
[F7401Q094] IDROGEOLOGIA GENERALE,1
[F7401Q089] METODI DI INDAGINE GEOLOGICO-TECNICA,1
[F7401Q086] GEOLOGIA DEL VULCANICO,1
[F7401Q085] TETTONICA ATTIVA E VULCANOTETTONICA,1
[F7401Q080] PETROGENESI DEGLI AMBIENTI GEODINAMICI,1
[F7401Q078] GEOENERGIA,1
[F7401Q077] LABORATORIO MODELLAZIONE IDROGEOLOGICA,1
[F7401Q075] IDROGEOLOGIA,1
[F7401Q073] GEOFISICA APPLICATA,1
[F7401Q071] SCAVO E CONSOLIDAMENTO TERRE E ROCCE,1
[F7401Q052] GEOCRONOLOGIA E ARCHEOMETRIA,1
[F7401Q050] METODI DI INDAGINE GEOLOGICO-TECNICA,1
[F7401Q029] MODELLAZIONE GEOLOGICA 3D,1
[F7401Q028] PETROGRAFIA DEL SEDIMENTARIO,1
[F6302N023] LE POLITICHE PER LA SALUTE,1
[F6302N017] MANAGEMENT E SCELTE STRATEGICHE,1
[F6302N016] MANAGEMENT DELLE INFORMAZIONI E VALUTAZIONE DEI SERVIZI,1
[F6302N015] METODOLOGIE PER LA COSTRUZIONE DI SCENARI SOCIALI,1
[F6302N012] SISTEMI INFORMATIVI,1
[F6302N010] MANAGEMENT E IMPRENDITORIALITÀ SOCIALE,1
[F6302N009] CAPITALE UMANO E SVILUPPO AZIENDALE,1
[F6302N008] DIRITTO DELLE SOCIETÀ E DEI SERVIZI,1
[F5801Q046] ASTROFISICA RELATIVISTICA,1
[F5801Q044] ASTROFISICA APPLICATA,1
[F5801Q040] PROCESSI RADIATIVI,1
[F5801Q023] LABORATORIO DI ASTROFISICA,1
[F5801Q020] RAGGI COSMICI,1
[F5801Q019] STRUMENTAZIONE ASTRONOMICA,1
[F5801Q018] ASTRONOMIA EXTRAGALATTICA,1
[F5701R001] EDUCAZIONE PERMANENTE E DEGLI ADULTI,1
[F5602M017] GAMES AND STRATEGIC BEHAVIOUR,1
[F5602M015] THE ECONOMICS AND HISTORY OF EUROPEAN INTEGRATION,1
[F5602M006] HISTORY OF GLOBALIZATION,1
[F5602M005] FINANCIAL MARKETS,1
[F5401Q054] CHIMICA DELLE FORMULAZIONI,1
[F5401Q053] TERMODINAMICA DI NON EQUILIBRIO,1
[F5401Q051] CHIMICA DEI MATERIALI MOLECOLARI,1
[F5401Q049] CHIMICA DELLE ACQUE,1
[F5401Q033] SINTESI E TECNICHE SPECIALI ORGANICHE DEI MATERIALI,1
[F5401Q032] FOTOCHIMICA,1
[F5401Q028] SPETTROSCOPIA E SINTESI DI COMPOSTI INORGANICI,1
[F5401Q023] CHIMICA BIOINORGANICA,1
[F5301Q049] FISICA DEI DIELETTRICI,1
[F5301Q036] TERMODINAMICA STATISTICA DEI MATERIALI,1
[F5301Q033] MATERIALI E DISPOSITIVI PER L'ENERGIA,1
[F5301Q032] NANOTECNOLOGIE,1
[F5301Q031] CHIMICA DEI MATERIALI MOLECOLARI,1
[F5301Q029] CHIMICA FISICA DELLO STATO SOLIDO E DELLE SUPERFICI,1
[F5301Q028] ELETTRONICA E FOTONICA MOLECOLARE,1
[F5301Q026] FISICA DEI SEMICONDUTTORI,1
[F5301Q025] CHIMICA FISICA APPLICATA CON LABORATORIO,1
[F5301Q023] CARATTERIZZAZIONE FISICA DEI MATERIALI CON LABORATORIO,1
[F5301Q017] DISPOSITIVI ELETTRONICI,1
[F5301Q015] CHIMICA E TECNOLOGIA DEI POLIMERI,1
[F5301Q013] SINTESI E TECNICHE SPECIALI DI MATERIALI ORGANICI,1
[F5104P009] FATTORI DI RISCHIO E DI PROTEZIONE NELLO SVILUPPO ATIPICO,1
[F5103P076] PEDAGOGIA GENERALE E ORGANIZZAZIONE SCOLASTICA,1
[F5103P012] PEDAGOGIA INTERCULTURALE E DELLA COOPERAZIONE,1
[F5103P006] PSICOLOGIA DELLA DISABILITÀ E DELLA INTEGRAZIONE SCOLASTICA,1
[F5102P095] LA RICERCA-INTERVENTO NEI GRUPPI E NELLE ORGANIZZAZIONI,1
[F5102P023] PSICOLOGIA DELLE DIFFERENZE E DELLE DISEGUAGLIANZE,1
[F5102P015] PSICOLOGIA DELLE INFLUENZE SOCIALI,1
[F5102P011] LABORATORIO DI METODOLOGIA,1
[F5102P007] PSICOSOCIOLOGIA DEI GRUPPI E DELLE ORGANIZZAZIONI,1
[F5102P004] COGNIZIONE SOCIALE,1
[F5101P143] LABORATORIO: METODI STRUMENTALI NELLE NEUROSCIENZE COGNITIVE,1
[F5101P140] PSICOLOGIA E PSICOPATOLOGIA DELLO SVILUPPO DEL LINGUAGGIO,1
[F5101P138] DALLA DIAGNOSI ALLA INDICAZIONE DEL TRATTAMENTO,1
[F5101P129] LABORATORIO: LA VALUTAZIONE DEL FUNZIONAMENTO RELAZIONALE,1
[F5101P128] LABORATORIO: EMOZIONI E QUALITA' DELLE RELAZIONI,1
[F5101P109] LABORATORIO: INTERVENTI RESIDENZIALI IN COMUNITA' TERAPEUTICHE PER ADULTI E MINORI,1
[F4901N076] MANAGEMENT PER LE IMPRESE TURISTICHE,1
[F4901N074] GEOGRAFIA DEGLI SPAZI EXTRAEUROPEI,1
[F4901N073] MARKETING URBANO,1
[F4901N066] TURISTI E SCENARI TURISTICI,1
[F4901N015] RELAZIONI INTERCULTURALI,1
[F4001Q098] GEOMETRIA SIMPLETTICA,1
[F4001Q090] COMBINATORICA ALGEBRICA,1
[F4001Q084] MATEMATICA ELEMENTARE,1
[F4001Q083] ARGOMENTI DI GEOMETRIA E TOPOLOGIA,1
[F4001Q082] TEORIA GEOMETRICA DEI GRUPPI,1
[F4001Q081] MODELLI E METODI DI APPROSSIMAZIONE,1
[F4001Q080] MODELLAZIONE GEOMETRICA E GRAFICA COMPUTAZIONALE,1
[F4001Q079] GEOMETRIA E FISICA,1
[F4001Q078] MECCANICA SUPERIORE,1
[F4001Q075] ANALISI FUNZIONALE,1
[F4001Q073] TEORIA DEI NUMERI E CRITTOGRAFIA,1
[F4001Q072] TEORIA DELLE RAPPRESENTAZIONI,1
[F4001Q071] GEOMETRIA DIFFERENZIALE,1
[F4001Q065] CALCOLO SCIENTIFICO,1
[F4001Q064] APPROSSIMAZIONE DI EQUAZIONI DIFFERENZIALI,1
[F4001Q059] PROCESSI STOCASTICI,1
[F4001Q056] CALCOLO DELLE VARIAZIONI,1
[F4001Q033] PREPARAZIONE DI ESPERIENZE DIDATTICHE,1
[F1801Q139] INFORMATICA INDUSTRIALE,1
[F1801Q137] LABORATORIO DI PROGETTAZIONE,1
[F1801Q130] ARCHITETTURE DEL SOFTWARE E DEI DATI,1
[F1801Q126] LABORATORIO DI INTERACTION DESIGN,1
[F1801Q125] SISTEMI COMPLESSI E INCERTI,1
[F1801Q124] TECNOLOGIE ED APPLICAZIONI DEI SISTEMI DISTRIBUITI,1
[F1801Q121] DATA WAREHOUSE,1
[F1801Q119] IMAGING DIGITALE,1
[F1801Q117] SISTEMI DI CALCOLO PARALLELO,1
[F1801Q115] QUALITA' DEL SOFTWARE,1
[F1801Q107] SISTEMI COMPLESSI: MODELLI E SIMULAZIONE,1
[F1701Q135] TEORIA QUANTISTICA DEI CAMPI I,1
[F1701Q132] LABORATORIO DI FISICA DEI PLASMI II,1
[F1701Q130] LABORATORIO DI STATO SOLIDO ED ELETTRONICA II,1
[F1701Q129] LABORATORIO DI STATO SOLIDO ED ELETTRONICA I,1
[F1701Q127] MICROSCOPIA OTTICA,1
[F1701Q126] APPLICAZIONI DELLA FISICA ALLA MEDICINA,1
[F1701Q123] LABORATORIO DI MISURE NUCLEARI E SUBNUCLEARI II,1
[F1701Q121] LABORATORIO DI MISURE NUCLEARI E SUBNUCLEARI I,1
[F1701Q116] ELETTRONICA,1
[F1701Q106] RADIOATTIVITA',1
[F1701Q104] METODI SPERIMENTALI IN FISICA DELLE ALTE ENERGIE,1
[F1701Q103] FISICA DELLE SUPERFICI,1
[F1701Q100] FISICA TEORICA II,1
[F1701Q098] METODI MATEMATICI DELLA FISICA,1
[F1701Q096] ANALISI STATISTICA DEI DATI,1
[F1701Q087] FISICA DELLE PARTICELLE I,1
[F1701Q082] TEORIA DELLA MATERIA CONDENSATA II,1
[F1701Q080] FISICA TEORICA I,1
[F1601M069] CULTURA STORICA GIURIDICA E LINGUISTICA TEDESCA,1
[F1601M066] CULTURA STORICA GIURIDICA E LINGUISTICA INGLESE,1
[F1601M062] RISCHI ASSICURATIVI,1
[F1601M061] FINANCIAL RISK THEORY,1
[F1601M060] INTERNATIONAL FINANCIAL MARKETS,1
[F1601M057] BANK MANAGEMENT,1
[F0901D042] NANOMEDICINA,1
[F0901D041] MEDICINA MOLECOLARE,1
[F0901D036] INTERNATO LABORATORIO DI RICERCA,1
[F0901D027] IMAGING MOLECOLARE IN VIVO,1
[F0901D014] TIROCINIO DI ORIENTAMENTO,1
[F0802Q068] COMPUTATIONAL SYSTEMS BIOLOGY,1
[F0802Q056] PROTEOMICA,1
[F0802Q055] IMMUNOLOGIA APPLICATA,1
[F0802Q046] INTERAZIONI LIGANDO-MACROMOLECOLA,1
[F0802Q042] ESEMPI DI SVILUPPO E ANALISI DI BIOPROCESSI,1
[F0802Q040] STRUTTURE E INTERAZIONI MOLECOLARI,1
[F0601Q070] OMEOSTASI CELLULARE NEI TESSUTI SOMATICI E CELLULE STAMINALI,1
[F0601Q066] BIOGEOGRAFIA,1
[F0601Q062] NEUROSCIENZE,1
[F0601Q059] BIOLOGIA COMPUTAZIONALE,1
[F0601Q054] FISIOLOGIA CELLULARE,1
[F0601Q051] FISIOLOGIA MOLECOLARE DELLE PIANTE,1
[F0101R068] CULTURE E SOCIETA' DELLE AMERICHE,1
[F0101R066] STORIA MODERNA,1
[F0101R065] ANTROPOLOGIA STORICA,1
[F0101R026] CULTURE E SOCIETÀ DEL MEDIO ORIENTE,1
[F0101R021] SOCIOLOGIA DEI PROCESSI CULT. E COM.,1
[F0101R017] LETTERATURE COMPARATE,1
[F0101R013] ANTROPOLOGIA MEDICA,1
[F0101R010] SISTEMI DI PENSIERO E STORIA DELLA MENTALITÀ,1
[F0101R007] ANTROPOLOGIA ESTETICA,1
[F0101R003] ANTROPOLOGIA POLITICA,1
[E4102B082] DATA MINING E STATISTICA COMPUTAZIONALE,1
[E4102B073] ELEMENTI DI BIOSTATISTICA,1
[E4102B071] STATISTICA SPAZIALE E AMBIENTALE,1
[E4102B065] SISTEMI INFORMATIVI,1
[E4102B025] DEMOGRAFIA SOCIALE (PAESI IN VIA DI SVILUPPO),1
[E4102B020] EPIDEMIOLOGIA,1
[E4101B021] ANALISI DI MERCATO,1
[E4001N045] MATEMATICA,1
[E4001N044] SOCIOLOGIA 1,1
[E3901N034] METODI E TECNICHE DEL SERVIZIO SOCIALE I,1
[E3901N023] TIROCINIO,1
[E3901N022] TIROCINIO,1
[E3901N020] TIROCINIO,1
[E3901N018] ORGANIZZAZIONE DEI SERVIZI SOCIALI,1
[E3901N017] METODI E TECNICHE DEL SERVIZIO SOCIALE II,1
[E3901N007] FILOSOFIA POLITICA,1
[E3901N001] SOCIOLOGIA,1
[E3501Q058] ANALISI NUMERICA,1
[E3501Q055] GEOMETRIA III,1
[E3501Q014] CALCOLO DELLE PROBABILITA',1
[E3401Q050] SEMINARI SU ARGOMENTI GEOLOGICI E APPLICATIVI,1
[E3401Q033] SICUREZZA SUL TERRENO,1
[E3301M194] METODI STATISTICI E INFORMATICA GENERALE,1
[E3301M160] FONDAMENTI DI FINANZA QUANTITATIVA,1
[E3301M151] LEGISLAZIONE BANCARIA,1
"[E3301M141] ECONOMIA, ETICA ED EVOLUZIONE DELLE IDEE",1
[E3301M136] ECONOMIA DEL TURISMO E DELL'INDUSTRIA TURISTICA,1
[E3201Q090] GEOGRAFIA FISICA E SISTEMI INFORMATIVI TERRITORIALI,1
[E3201Q088] BIOLOGIA ANIMALE E CELLULARE,1
[E3201Q087] CHIMICA DELLE ACQUE,1
[E3201Q086] STATISTICA,1
[E3201Q084] GESTIONE DI BASE DATI,1
[E3201Q075] MICROBIOLOGIA E BIOCHIMICA,1
[E3101Q126] TRATTAMENTO E CODIFICA DI DATI MULTIMEDIALI,1
[E3101Q120] INTERAZIONE UOMO - MACCHINA,1
[E3101Q118] ELABORAZIONE DELLE IMMAGINI,1
[E3101Q117] BUSINESS INTELLIGENCE PER I SERVIZI FINANZIARI,1
[E3101Q116] ELEMENTI DI BIOINFORMATICA,1
[E3101Q115] COMPLEMENTI DI BASI DI DATI,1
[E3101Q114] ROBOTICA E AUTOMAZIONE,1
[E3101Q111] LINGUAGGI E COMPUTABILITA',1
[E3002Q037] LABORATORIO OTTICA DELLA CONTATTOLOGIA,1
[E3002Q001] ISTITUZIONI DI MATEMATICA I,1
[E3001Q062] ESPERIMENTAZIONI DI PLASMI,1
[E3001Q058] ESPERIMENTAZIONI DI ASTROFISICA,1
[E3001Q053] LABORATORIO DI ELETTRONICA,1
[E2702Q104] SISTEMI DI GESTIONE INDUSTRIALE E DI CERTIFICAZIONE,1
[E2702Q094] CHIMICA ORGANICA II E LABORATORIO,1
[E2702Q046] MARKETING NELL'INDUSTRIA CHIMICA,1
[E2701Q051] LABORATORIO DI TECNOLOGIA DEI MATERIALI I,1
[E2701Q050] COMPLEMENTI DI STRUTTURA DELLA MATERIA,1
[E2701Q049] LABORATORIO DI TECNOLOGIA DEI MATERIALI II,1
[E2701Q048] CHIMICA DEI MATERIALI POLIMERICI,1
[E2401P116] ELEMENTI DI LINGUISTICA E PSICOLINGUISTICA,1
[E2401P102] FONDAMENTI DI ECONOMIA E STRATEGIA AZIENDALE,1
[E2401P065] STORIA DELLA SCIENZA,1
[E2401P040] LABORATORIO: METODI DI VALUTAZIONE DELL'INTELLIGENZA VERBALE E NON VERBALE IN ETÀ EVOLUTIVA,1
[E2401P039] LABORATORIO: METODI E TECNICHE DI VALUTAZIONE NEUROPSICOLOGICA,1
[E2401P030] PSICODINAMICA DELLO SVILUPPO E DELLE RELAZIONI FAMILIARI,1
[E2004P040] LA MISURAZIONE IN AMBITO PSICOSOCIALE,1
[E2004P037] VISUAL DESIGN,1
[E2004P017] SOCIOLOGIA,1
[E2001R057] LINGUA CINESE III,1
[E2001R030] METODOLOGIA DELLA RICERCA PEDAGOGICA,1
[E1901R108] METODOLOGIA DELLA RICERCA PEDAGOGICA,1
[E1901R089] ESTETICA,1
[E1901R083] PSICOLOGIA DELLA CULTURA,1
[E1802M133] MICROECONOMIA E STORIA ECONOMICA,1
[E1802M132] LINGUA-TEDESCO,1
[E1802M125] TEORIA DEI CAMPIONI E SOFTWARE STATISTICI,1
[E1802M124] PROBABILITA' E INFERENZA STATISTICA,1
[E1601N044] ECONOMIA AZIENDALE 2,1
[E1601N021] ANTROPOLOGIA ECONOMICA,1
[E1601N010] INNOVAZIONE ORGANIZZATIVA,1
[E1601N004] STATISTICA,1
[E1501N002] ECONOMIA AZIENDALE,1
[E1401A072] SEMINARIO IUS/16-/17- MED/43,1
[E1401A071] SEMINARIO IUS/18-/19-/20-SPS/07,1
[E1401A070] SEMINARIO IUS/05-/06-/08-/10-/11-/13-/14-/21,1
[E1401A038] DIRITTO AMMINISTRATIVO EUROPEO,1
[E1401A037] DIRITTO PUBBLICO COMPARATO,1
[E1401A035] DIRITTO AMBIENTALE,1
[E1401A034] DIRITTO URBANISTICO,1
[E1401A033] ELEMENTI DI GIUSTIZIA AMMINISTRATIVA,1
[E1401A024] INFORMATICA PER LE PUBBLICHE AMMINISTRAZIONI,1
[E1301Q070] BIOLOGIA CELLULARE,1
[E1301Q056] CITOLOGIA E ANATOMIA,1
[E1301Q035] LABORATORIO DI CHIMICA,1
[E0201Q069] MICROBIOLOGIA INDUSTRIALE,1
[E0201Q067] PATOLOGIA GENERALE,1
[E0201Q063] BIOCHIMICA CELLULARE,1
[E0201Q062] BIOLOGIA MOLECOLARE II,1
[E0201Q048] LABORATORIO DI CHIMICA,1
[E0201Q047] ISTITUZIONI DI BIOLOGIA,1
[A5810170] TRANSITIONAL JUSTICE AND STATE BUILDING,1
[A5810165] INTERNATIONAL PEACEKEEPING AND UNITED NATIONS LAW,1
[A5810152] SEMINARIO MACROAREA IUS/01-02-04-07-15,1
[A5810127] DIRITTO COMUNITARIO DELLA CONCORRENZA E DEL MERCATO INTERNO,1
[A5810122] MEDIAZIONE REO-VITTIMA E MEDIAZIONE SOCIALE,1
[A5810121] MEDIAZIONE CIVILE E COMMERCIALE,1
[A5810113] SEMINARIO MACROAREA IUS:16-17 MED/43,1
[A5810112] SEMINARIO MACROAREA IUS:05-06-08-10-11-13-14-21,1
[A5810081] ECONOMIA AZIENDALE,1
[A5810073] PROCEDURA PENALE EUROPEA,1
[A5810072] POLITICA ECONOMICA,1
[A5810069] INFORMATICA GENERALE,1
[A5810068] ECONOMIA POLITICA,1
[A5810067] DIRITTO URBANISTICO,1
[A5810066] DIRITTO SINDACALE,1
[A5810061] DIRITTO PENALE COMMERCIALE,1
[A5810059] DIRITTO INTERNAZIONALE PRIVATO E PROCESSUALE,1
[A5810048] DIRITTO AMMINISTRATIVO EUROPEO,1
[A5810047] DIRITTO AMBIENTALE,1
[A5810044] DIRITTO REGIONALE,1
