cds,ad,media_voto,numero_superamenti
[581] GIURISPRUDENZA,[A5810138] SOCIOLOGIA DEI DIRITTI FONDAMENTALI,29.282608695652176,92
[581] GIURISPRUDENZA,[A5810037] STORIA DEL DIRITTO ROMANO,29.205882352941178,102
[581] GIURISPRUDENZA,[A5810134] FONDAMENTI ROMANISTICI DEL DIRITTO PRIVATO EUROPEO,28.977272727272727,44
[581] GIURISPRUDENZA,[A5810076] DIRITTO ECCLESIASTICO COMPARATO,28.87878787878788,33
[581] GIURISPRUDENZA,[A5810052] DIRITTO DELL'ARBITRATO INTERNO E INTERNAZIONALE,28.870967741935484,31
[581] GIURISPRUDENZA,[A5810063] DIRITTO PENITENZIARIO,28.78,50
[581] GIURISPRUDENZA,[A5810062] DIRITTO PENALE MINORILE,28.584615384615386,65
[581] GIURISPRUDENZA,[A5810058] DIRITTO INTERNAZIONALE DEI CONFLITTI ARMATI,28.558823529411764,34
[581] GIURISPRUDENZA,[A5810036] DIRITTO ROMANO,28.439655172413794,116
[581] GIURISPRUDENZA,[A5810060] DIRITTO PENALE (PARTE SPECIALE),28.358974358974358,39
[581] GIURISPRUDENZA,[A5810132] DIRITTO PRIVATO COMPARATO,28.288888888888888,135
[581] GIURISPRUDENZA,[A5810055] DIRITTO DI FAMIGLIA,28.25423728813559,59
[581] GIURISPRUDENZA,[A5810032] SOCIOLOGIA DEL DIRITTO,28.14965986394558,147
[581] GIURISPRUDENZA,[A5810109] DIRITTO PENALE DELL'INFORMATICA,28.07894736842105,38
[581] GIURISPRUDENZA,[A5810125] DIRITTO CIVILE (ILLECITO),27.962264150943398,212
[581] GIURISPRUDENZA,[A5810046] CRIMINOLOGIA,27.86,50
[581] GIURISPRUDENZA,[A5810135] STORIA DEL DIRITTO DELLE OBBLIGAZIONI E DEI CONTRATTI,27.84375,32
[581] GIURISPRUDENZA,[A5810106] BIOETICA,27.82,50
[581] GIURISPRUDENZA,[A5810030] DIRITTO ECCLESIASTICO,27.80701754385965,114
[581] GIURISPRUDENZA,[A5810039] STORIA DEL DIRITTO DI FAMIGLIA,27.660377358490567,106
[581] GIURISPRUDENZA,[A5810133] DIRITTO PUBBLICO COMPARATO,27.609756097560975,41
[581] GIURISPRUDENZA,[A5810056] DIRITTO FALLIMENTARE,27.6,35
[581] GIURISPRUDENZA,[A5810029] DIRITTO CANONICO,27.485507246376812,138
[581] GIURISPRUDENZA,[A5810082] GIUSTIZIA COSTITUZIONALE,27.48076923076923,52
[581] GIURISPRUDENZA,[A5810010] DIRITTO AMMINISTRATIVO,27.32512315270936,203
[581] GIURISPRUDENZA,[A5810011] GIUSTIZIA AMMINISTRATIVA,27.22680412371134,97
[581] GIURISPRUDENZA,[A5810043] DIRITTO DELL'INFORMAZIONE E DELLA COMUNICAZIONE,27.072916666666668,96
[581] GIURISPRUDENZA,[A5810018] PROCEDURA PENALE,27.03361344537815,119
[581] GIURISPRUDENZA,[A5810042] DIRITTO COSTITUZIONALE EUROPEO ( I DIRITTI FONDAMENTALI) MOD. JEAN MONNET,27,38
[581] GIURISPRUDENZA,[A5810012] DIRITTO TRIBUTARIO,26.9,130
[581] GIURISPRUDENZA,[A5810070] MEDICINA LEGALE,26.875,32
[581] GIURISPRUDENZA,[A5810128] DIRITTO DEL LAVORO,26.81,200
[581] GIURISPRUDENZA,[A5810006] FILOSOFIA DEL DIRITTO,26.678571428571427,168
[581] GIURISPRUDENZA,[A5810017] DIRITTO PROCESSUALE CIVILE,26.60112359550562,178
[581] GIURISPRUDENZA,[A5810136] STORIA DEL PROCESSO PENALE,26.54,50
[581] GIURISPRUDENZA,[A5810228] STORIA DEL DIRITTO MEDIEVALE E MODERNO,26.48051948051948,231
[581] GIURISPRUDENZA,[A5810015] DIRITTO PENALE,26.264423076923077,208
[581] GIURISPRUDENZA,[A5810229] ISTITUZIONI DI DIRITTO ROMANO,25.973333333333333,225
[581] GIURISPRUDENZA,[A5810014] DIRITTO COMMERCIALE,25.7103825136612,183
[581] GIURISPRUDENZA,[A5810003] SCIENZA DELLE FINANZE,25.505016722408026,299
[581] GIURISPRUDENZA,[A5810007] DIRITTO INTERNAZIONALE,25.485294117647058,204
[581] GIURISPRUDENZA,[A5810227] DIRITTO COSTITUZIONALE,25.302405498281786,291
[581] GIURISPRUDENZA,[A5810019] ISTITUZIONI DI DIRITTO PRIVATO,25.1937984496124,258
[581] GIURISPRUDENZA,[A5810130] DIRITTO DELL'UNIONE EUROPEA,25.104,125
[581] GIURISPRUDENZA,[A5810113] SEMINARIO MACROAREA IUS:16-17 MED/43,,253
[581] GIURISPRUDENZA,[A5810112] SEMINARIO MACROAREA IUS:05-06-08-10-11-13-14-21,,128
[581] GIURISPRUDENZA,[A5810111] SEMINARIO MACROAREA IUS: 18-19-20-SPS/07,,179
[E0201Q] BIOTECNOLOGIE,[E0201Q052] LABORATORI DI TECNOLOGIE ABILITANTI,28.15730337078652,89
[E0201Q] BIOTECNOLOGIE,[E0201Q012] ECONOMIA AZIENDALE,28.02970297029703,101
[E0201Q] BIOTECNOLOGIE,[E0201Q072] FISICA,28.029411764705884,136
[E0201Q] BIOTECNOLOGIE,[E0201Q068] GENETICA,28.008928571428573,112
[E0201Q] BIOTECNOLOGIE,[E0201Q048] LABORATORIO DI CHIMICA,27.645569620253166,158
[E0201Q] BIOTECNOLOGIE,[E0201Q054] FARMACOLOGIA,27.348484848484848,66
[E0201Q] BIOTECNOLOGIE,[E0201Q065] BIOCHIMICA SISTEMATICA UMANA,27.095238095238095,84
[E0201Q] BIOTECNOLOGIE,[E0201Q008] BIOLOGIA MOLECOLARE I,26.961038961038962,77
[E0201Q] BIOTECNOLOGIE,[E0201Q069] MICROBIOLOGIA INDUSTRIALE,26.921875,64
[E0201Q] BIOTECNOLOGIE,[E0201Q051] IMMUNOLOGIA,26.7972972972973,74
[E0201Q] BIOTECNOLOGIE,[E0201Q005] CHIMICA ORGANICA,26.774436090225564,133
[E0201Q] BIOTECNOLOGIE,[E0201Q047] ISTITUZIONI DI BIOLOGIA,26.55421686746988,166
[E0201Q] BIOTECNOLOGIE,[E0201Q046] INFORMATICA,26.48780487804878,123
[E0201Q] BIOTECNOLOGIE,[E0201Q049] BIOCHIMICA,26.28421052631579,95
[E0201Q] BIOTECNOLOGIE,[E0201Q060] FERMENTAZIONI E BIOPROCESSI MICROBICI,26.24074074074074,108
[E0201Q] BIOTECNOLOGIE,[E0201Q067] PATOLOGIA GENERALE,25.522727272727273,44
[E0201Q] BIOTECNOLOGIE,[E0201Q004] CHIMICA GENERALE ED INORGANICA,25.425925925925927,162
[E0201Q] BIOTECNOLOGIE,[E0201Q001] MATEMATICA,24.53900709219858,141
[E0201Q] BIOTECNOLOGIE,[E0201Q053] ORGANI E FUNZIONI,23.72289156626506,83
[E0201Q] BIOTECNOLOGIE,[E0201Q059] BIOCHIMICA PER LE BIOTECNOLOGIE,23.410958904109588,73
[E0201Q] BIOTECNOLOGIE,[E0201Q050] METODOLOGIE BIOCHIMICHE E TECNOLOGIE BIOMOLECOLARI,22.634615384615383,52
[E1301Q] SCIENZE BIOLOGICHE,[E1301Q035] LABORATORIO DI CHIMICA,28.357142857142858,112
[E1301Q] SCIENZE BIOLOGICHE,[E1301Q072] GENETICA,28.21951219512195,41
[E1301Q] SCIENZE BIOLOGICHE,[E1301Q063] BOTANICA,27.91588785046729,107
[E1301Q] SCIENZE BIOLOGICHE,[E1301Q015] FISIOLOGIA GENERALE,27.745454545454546,55
[E1301Q] SCIENZE BIOLOGICHE,[E1301Q062] ECOLOGIA,27.14423076923077,104
[E1301Q] SCIENZE BIOLOGICHE,[E1301Q055] FISIOLOGIA VEGETALE,26.98780487804878,82
[E1301Q] SCIENZE BIOLOGICHE,[E1301Q066] BIOLOGIA MOLECOLARE,26.75,44
[E1301Q] SCIENZE BIOLOGICHE,[E1301Q009] CHIMICA GENERALE,26.415300546448087,183
[E1301Q] SCIENZE BIOLOGICHE,[E1301Q070] BIOLOGIA CELLULARE,26.41346153846154,104
[E1301Q] SCIENZE BIOLOGICHE,[E1301Q067] IMMUNOLOGIA E PATOLOGIA,26.389830508474578,59
[E1301Q] SCIENZE BIOLOGICHE,[E1301Q069] FARMACOLOGIA,26.339622641509433,53
[E1301Q] SCIENZE BIOLOGICHE,[E1301Q064] MICROBIOLOGIA,26.253968253968253,63
[E1301Q] SCIENZE BIOLOGICHE,[E1301Q010] CHIMICA ORGANICA,26.243478260869566,115
[E1301Q] SCIENZE BIOLOGICHE,[E1301Q056] CITOLOGIA E ANATOMIA,26.037974683544302,79
[E1301Q] SCIENZE BIOLOGICHE,[E1301Q058] BIOCHIMICA CELLULARE,26.027027027027028,74
[E1301Q] SCIENZE BIOLOGICHE,[E1301Q007] FISICA,25.576470588235296,85
[E1301Q] SCIENZE BIOLOGICHE,[E1301Q057] CHIMICA BIOLOGICA,25.22972972972973,74
[E1301Q] SCIENZE BIOLOGICHE,[E1301Q011] ZOOLOGIA,24.413333333333334,75
[E1301Q] SCIENZE BIOLOGICHE,[E0201Q065] BIOCHIMICA SISTEMATICA UMANA,24.333333333333332,48
[E1301Q] SCIENZE BIOLOGICHE,[E1301Q071] MATEMATICA E STATISTICA,23.925925925925927,135
[E1401A] SCIENZE DEI SERVIZI GIURIDICI,[E1401A088] ADR- STRUMENTI DI COMPOSIZIONE DELLE LITI NEL DIRITTO CIVILE,29.55223880597015,67
[E1401A] SCIENZE DEI SERVIZI GIURIDICI,[E1401A087] DIRITTO PENITENZIARIO,28.05263157894737,57
[E1401A] SCIENZE DEI SERVIZI GIURIDICI,[E1401A084] TEORIA GENERALE E METODI DEL DIRITTO,27.136363636363637,110
[E1401A] SCIENZE DEI SERVIZI GIURIDICI,[E1401A086] ELEMENTI DI DIRITTO PROCESSUALE CIVILE,27.01923076923077,104
[E1401A] SCIENZE DEI SERVIZI GIURIDICI,[E1401A074] ELEMENTI DI DIRITTO ROMANO PUBBLICO E PRIVATO,26.783783783783782,185
[E1401A] SCIENZE DEI SERVIZI GIURIDICI,[E1401A033] ELEMENTI DI GIUSTIZIA AMMINISTRATIVA,25.82051282051282,39
[E1401A] SCIENZE DEI SERVIZI GIURIDICI,[E1401A008] DIRITTO PENALE,25.62162162162162,74
[E1401A] SCIENZE DEI SERVIZI GIURIDICI,[E1401A014] STATISTICA ECONOMICA,25.160493827160494,81
[E1401A] SCIENZE DEI SERVIZI GIURIDICI,[E1401A007] DIRITTO COMMERCIALE,25.115942028985508,69
[E1401A] SCIENZE DEI SERVIZI GIURIDICI,[E1401A010] DIRITTO AMMINISTRATIVO,25.10958904109589,73
[E1401A] SCIENZE DEI SERVIZI GIURIDICI,[E1401A017] DIRITTO INTERNAZIONALE,24.91764705882353,85
[E1401A] SCIENZE DEI SERVIZI GIURIDICI,[E1401A076] ELEMENTI DI STORIA DEL DIRITTO MEDIEVALE E MODERNO,24.91304347826087,161
[E1401A] SCIENZE DEI SERVIZI GIURIDICI,[E1401A085] ELEMENTI DI PROCEDURA PENALE,24.873015873015873,63
[E1401A] SCIENZE DEI SERVIZI GIURIDICI,[E1401A080] DIRITTO DELL'UNIONE EUROPEA,24.265625,64
[E1401A] SCIENZE DEI SERVIZI GIURIDICI,[E1401A077] SCIENZA DELLE FINANZE,24.25874125874126,143
[E1401A] SCIENZE DEI SERVIZI GIURIDICI,[E1401A009] DIRITTO DEL LAVORO,23.970149253731343,67
[E1401A] SCIENZE DEI SERVIZI GIURIDICI,[E1401A005] DIRITTO COSTITUZIONALE,23.39097744360902,133
[E1401A] SCIENZE DEI SERVIZI GIURIDICI,[E1401A078] ISTITUZIONI DI DIRITTO PRIVATO,23.333333333333332,135
[E1401A] SCIENZE DEI SERVIZI GIURIDICI,[E1401A015] ECONOMIA AZIENDALE,22.580645161290324,93
[E1401A] SCIENZE DEI SERVIZI GIURIDICI,[E1401A072] SEMINARIO IUS/16-/17- MED/43,,183
[E1401A] SCIENZE DEI SERVIZI GIURIDICI,[E1401A071] SEMINARIO IUS/18-/19-/20-SPS/07,,75
[E1401A] SCIENZE DEI SERVIZI GIURIDICI,[E1401A070] SEMINARIO IUS/05-/06-/08-/10-/11-/13-/14-/21,,80
[E1501N] SCIENZE DEL TURISMO E COMUNITÀ LOCALE,[E1501N011] SOCIOLOGIA DEL TERRITORIO,28.393617021276597,94
[E1501N] SCIENZE DEL TURISMO E COMUNITÀ LOCALE,[E1501N082] ARCHEOLOGIA,27.660493827160494,162
[E1501N] SCIENZE DEL TURISMO E COMUNITÀ LOCALE,[E1501N083] TURISMO URBANO,26.58974358974359,156
[E1501N] SCIENZE DEL TURISMO E COMUNITÀ LOCALE,[E1501N072] TURISMO E COMUNITA' LOCALE,26.119318181818183,176
[E1501N] SCIENZE DEL TURISMO E COMUNITÀ LOCALE,[E1501N079] ELEMENTI DI ECONOMIA,25.887323943661972,142
[E1501N] SCIENZE DEL TURISMO E COMUNITÀ LOCALE,[E1501N051] GEOGRAFIA DEL TURISMO,25.798850574712645,174
[E1501N] SCIENZE DEL TURISMO E COMUNITÀ LOCALE,[E1501N077] ORGANIZZAZIONE DELLE STRUTTURE TURISTICHE,25.52,125
[E1501N] SCIENZE DEL TURISMO E COMUNITÀ LOCALE,[E1501N053] ARTE E ARCHITETTURA,25.027027027027028,111
[E1501N] SCIENZE DEL TURISMO E COMUNITÀ LOCALE,[E1501N009] SOCIOLOGIA DELLA CULTURA E DEL TEMPO LIBERO,24.846153846153847,130
[E1501N] SCIENZE DEL TURISMO E COMUNITÀ LOCALE,[E1501N065] ECONOMIA CULTURALE E AMBIENTALE,24.813725490196077,102
[E1501N] SCIENZE DEL TURISMO E COMUNITÀ LOCALE,[E1501N080] MARKETING,24.46875,32
[E1501N] SCIENZE DEL TURISMO E COMUNITÀ LOCALE,[E1501N001] DIRITTO DEL TURISMO,24.398230088495577,113
[E1501N] SCIENZE DEL TURISMO E COMUNITÀ LOCALE,[E1501N007] LINGUA E TRADUZIONE INGLESE,24.29787234042553,141
[E1501N] SCIENZE DEL TURISMO E COMUNITÀ LOCALE,[E1501N081] WEB MARKETING,24.271844660194176,103
[E1501N] SCIENZE DEL TURISMO E COMUNITÀ LOCALE,[E1501N005] SOCIOLOGIA GENERALE,24.105555555555554,180
[E1501N] SCIENZE DEL TURISMO E COMUNITÀ LOCALE,[E1501N078] SOCIOLOGIA DEL LAVORO,24.026845637583893,149
[E1501N] SCIENZE DEL TURISMO E COMUNITÀ LOCALE,[E1501N071] SOCIOLOGIA DEL TURISMO,23.93959731543624,149
[E1501N] SCIENZE DEL TURISMO E COMUNITÀ LOCALE,[E1501N014] ECONOMIA DEL TURISMO,23.755102040816325,98
[E1501N] SCIENZE DEL TURISMO E COMUNITÀ LOCALE,[E1501N002] ECONOMIA AZIENDALE,23.353982300884955,113
[E1501N] SCIENZE DEL TURISMO E COMUNITÀ LOCALE,[E1501N076] GENERE E TURISMO,22.614583333333332,96
[E1601N] SCIENZE DELL'ORGANIZZAZIONE,[E1601N033] ECONOMIA E MANAGEMENT DELLE RETI E DELLE PICCOLE IMPRESE,27.262135922330096,103
[E1601N] SCIENZE DELL'ORGANIZZAZIONE,[E1601N017] DIRITTO DEL LAVORO,26.76,125
[E1601N] SCIENZE DELL'ORGANIZZAZIONE,[E1601N044] ECONOMIA AZIENDALE 2,26.440366972477065,109
[E1601N] SCIENZE DELL'ORGANIZZAZIONE,[E1601N034] MANAGEMENT DEI SERVIZI PUBBLICI E DELLE ORGANIZZAZIONI NO PROFIT,25.736842105263158,76
[E1601N] SCIENZE DELL'ORGANIZZAZIONE,[E1601N050] LE ORGANIZZAZIONI COMPLESSE,25.705882352941178,102
[E1601N] SCIENZE DELL'ORGANIZZAZIONE,[E1601N054] PRINCIPI DI ECONOMIA,25.370967741935484,62
[E1601N] SCIENZE DELL'ORGANIZZAZIONE,[E1601N055] SCIENZA DELLA POLITICA,25.21794871794872,78
[E1601N] SCIENZE DELL'ORGANIZZAZIONE,[E1601N008] FONDAMENTI DI ORGANIZZAZIONE,24.960199004975124,201
[E1601N] SCIENZE DELL'ORGANIZZAZIONE,[E1601N006] INGLESE,24.918803418803417,234
[E1601N] SCIENZE DELL'ORGANIZZAZIONE,[E1601N040] ECONOMIA AZIENDALE 1,24.842391304347824,184
[E1601N] SCIENZE DELL'ORGANIZZAZIONE,[E1601N009] SOCIOLOGIA ECONOMICA E DEL LAVORO,24.767441860465116,86
[E1601N] SCIENZE DELL'ORGANIZZAZIONE,[E1601N001] SOCIOLOGIA E RICERCA SOCIALE,24.716867469879517,166
[E1601N] SCIENZE DELL'ORGANIZZAZIONE,[E1601N003] DIRITTO PRIVATO,24.091549295774648,142
[E1601N] SCIENZE DELL'ORGANIZZAZIONE,[E1601N002] ISTITUZIONI DI DIRITTO PUBBLICO,24.045112781954888,133
[E1601N] SCIENZE DELL'ORGANIZZAZIONE,[E1601N049] ORDINAMENTO E DIRITTO REGIONALE,23.91578947368421,95
[E1601N] SCIENZE DELL'ORGANIZZAZIONE,[E1601N010] INNOVAZIONE ORGANIZZATIVA,23.804597701149426,87
[E1601N] SCIENZE DELL'ORGANIZZAZIONE,[E1601N043] RETI DI IMPRESE E TERRITORIO,23.632911392405063,79
[E1601N] SCIENZE DELL'ORGANIZZAZIONE,[E1601N056] SVILUPPO E ORGANIZZAZIONI,23.06122448979592,49
[E1601N] SCIENZE DELL'ORGANIZZAZIONE,[E1601N004] STATISTICA,22.345588235294116,136
[E1601N] SCIENZE DELL'ORGANIZZAZIONE,[E1601N021] ANTROPOLOGIA ECONOMICA,22.033333333333335,90
[E1601N] SCIENZE DELL'ORGANIZZAZIONE,[E1601N020] MATEMATICA,20.977011494252874,87
"[E1801M] MARKETING, COMUNICAZIONE AZIENDALE E MERCATI GLOBALI",[E2001R005] SOCIOLOGIA DELLA COMUNICAZIONE,27.58,50
"[E1801M] MARKETING, COMUNICAZIONE AZIENDALE E MERCATI GLOBALI",[E1801M035] MARKET-DRIVEN MANAGEMENT,27.09090909090909,275
"[E1801M] MARKETING, COMUNICAZIONE AZIENDALE E MERCATI GLOBALI",[E1801M047] MATEMATICA GENERALE,26.959731543624162,298
"[E1801M] MARKETING, COMUNICAZIONE AZIENDALE E MERCATI GLOBALI",[E1801M042] CORPORATE GLOBAL COMMUNICATIONS,26.937282229965156,287
"[E1801M] MARKETING, COMUNICAZIONE AZIENDALE E MERCATI GLOBALI",[E3301M140] DIRITTO DEI TRASPORTI,26.914285714285715,35
"[E1801M] MARKETING, COMUNICAZIONE AZIENDALE E MERCATI GLOBALI",[E1601N033] ECONOMIA E MANAGEMENT DELLE RETI E DELLE PICCOLE IMPRESE,26.86111111111111,36
"[E1801M] MARKETING, COMUNICAZIONE AZIENDALE E MERCATI GLOBALI",[E1901R101] GESTIONE DELLE RISORSE UMANE,26.73469387755102,49
"[E1801M] MARKETING, COMUNICAZIONE AZIENDALE E MERCATI GLOBALI",[E1801M005] ECONOMIA POLITICA,26.309734513274336,226
"[E1801M] MARKETING, COMUNICAZIONE AZIENDALE E MERCATI GLOBALI",[E1801M044] DIRITTO PUBBLICO COMUNITARIO,26.301020408163264,196
"[E1801M] MARKETING, COMUNICAZIONE AZIENDALE E MERCATI GLOBALI",[E1801M045] ECONOMIA E DIRITTO DEGLI SCAMBI E DEI MERCATI GLOBALI,26.17241379310345,174
"[E1801M] MARKETING, COMUNICAZIONE AZIENDALE E MERCATI GLOBALI",[E1801M031] ECONOMIA AZIENDALE,26.072413793103447,290
"[E1801M] MARKETING, COMUNICAZIONE AZIENDALE E MERCATI GLOBALI",[E1801M043] MARKETING,25.88671875,256
"[E1801M] MARKETING, COMUNICAZIONE AZIENDALE E MERCATI GLOBALI",[E1801M052] LINGUA - SPAGNOLO,25.529411764705884,136
"[E1801M] MARKETING, COMUNICAZIONE AZIENDALE E MERCATI GLOBALI",[E1801M030] DIRITTO COMMERCIALE,25.16216216216216,148
"[E1801M] MARKETING, COMUNICAZIONE AZIENDALE E MERCATI GLOBALI",[E1801M046] STATISTICA PER IL MARKETING,24.84027777777778,144
"[E1801M] MARKETING, COMUNICAZIONE AZIENDALE E MERCATI GLOBALI",[E1801M004] ISTITUZIONI DI DIRITTO PUBBLICO,24.73090909090909,275
"[E1801M] MARKETING, COMUNICAZIONE AZIENDALE E MERCATI GLOBALI",[E1801M033] ISTITUZIONI DI DIRITTO PRIVATO,24.56687898089172,157
"[E1801M] MARKETING, COMUNICAZIONE AZIENDALE E MERCATI GLOBALI",[E1801M028] ELEMENTI DI CONTABILITÀ E BILANCIO,24.49173553719008,242
"[E1801M] MARKETING, COMUNICAZIONE AZIENDALE E MERCATI GLOBALI",[E1801M050] LINGUA - FRANCESE,24.444444444444443,72
"[E1801M] MARKETING, COMUNICAZIONE AZIENDALE E MERCATI GLOBALI",[E1801M051] LINGUA - INGLESE,24.405263157894737,190
"[E1801M] MARKETING, COMUNICAZIONE AZIENDALE E MERCATI GLOBALI",[E1801M041] ISTITUZIONI E STORIA DELL'ECONOMIA,24.094059405940595,202
"[E1801M] MARKETING, COMUNICAZIONE AZIENDALE E MERCATI GLOBALI",[E1801M048] MATEMATICA PER IL MARKETING,23.804054054054053,148
"[E1801M] MARKETING, COMUNICAZIONE AZIENDALE E MERCATI GLOBALI",[E1801M039] STATISTICA I,23.39316239316239,117
"[E1801M] MARKETING, COMUNICAZIONE AZIENDALE E MERCATI GLOBALI",[E1801M032] INFORMATICA GENERALE,22.055172413793102,145
"[E1801M] MARKETING, COMUNICAZIONE AZIENDALE E MERCATI GLOBALI",[E1801M018] ABILITÀ INFORMATICHE PREPARAZIONE TESI,,199
[E1802M] ECONOMIA E AMMINISTRAZIONE DELLE IMPRESE,[E1802M122] ORGANIZZAZIONE E CONTROLLO AZIENDALE,28.956521739130434,184
[E1802M] ECONOMIA E AMMINISTRAZIONE DELLE IMPRESE,[E1802M030] DIRITTO COMMERCIALE,27.257861635220127,159
[E1802M] ECONOMIA E AMMINISTRAZIONE DELLE IMPRESE,[E1801M042] CORPORATE GLOBAL COMMUNICATIONS,26.864864864864863,37
[E1802M] ECONOMIA E AMMINISTRAZIONE DELLE IMPRESE,[E1802M133] MICROECONOMIA E STORIA ECONOMICA,26.629441624365484,197
[E1802M] ECONOMIA E AMMINISTRAZIONE DELLE IMPRESE,[E1802M121] DIRITTO TRIBUTARIO,26.56122448979592,196
[E1802M] ECONOMIA E AMMINISTRAZIONE DELLE IMPRESE,[E1802M123] TECNICA PROFESSIONALE,26.44516129032258,155
[E1802M] ECONOMIA E AMMINISTRAZIONE DELLE IMPRESE,[E1802M117] BILANCIO E ANALISI ECONOMICO FINANZIARIA,26.40650406504065,123
[E1802M] ECONOMIA E AMMINISTRAZIONE DELLE IMPRESE,[E1802M006] ECONOMIA POLITICA,26.31764705882353,170
[E1802M] ECONOMIA E AMMINISTRAZIONE DELLE IMPRESE,[E1801M043] MARKETING,26.2,35
[E1802M] ECONOMIA E AMMINISTRAZIONE DELLE IMPRESE,[E1802M118] METODI MATEMATICI,26.112,125
[E1802M] ECONOMIA E AMMINISTRAZIONE DELLE IMPRESE,[E1802M120] FINANZA PUBBLICA,26.092391304347824,184
[E1802M] ECONOMIA E AMMINISTRAZIONE DELLE IMPRESE,[E1802M130] LINGUA- SPAGNOLO,25.59090909090909,66
[E1802M] ECONOMIA E AMMINISTRAZIONE DELLE IMPRESE,[E1802M116] MANAGEMENT,25.314285714285713,210
[E1802M] ECONOMIA E AMMINISTRAZIONE DELLE IMPRESE,[E1802M131] LINGUA - FRANCESE,25.27659574468085,94
[E1802M] ECONOMIA E AMMINISTRAZIONE DELLE IMPRESE,[E1802M033] INFORMATICA GENERALE,25.242857142857144,70
[E1802M] ECONOMIA E AMMINISTRAZIONE DELLE IMPRESE,[E1802M034] ISTITUZIONI DI DIRITTO PRIVATO,24.735632183908045,174
[E1802M] ECONOMIA E AMMINISTRAZIONE DELLE IMPRESE,"[E3301M148] ECONOMIA,GESTIONE DELLE IMPRESE INDUSTRIALI E MARKETING",24.729166666666668,48
[E1802M] ECONOMIA E AMMINISTRAZIONE DELLE IMPRESE,[E1802M005] ISTITUZIONI DI DIRITTO PUBBLICO,24.408239700374533,267
[E1802M] ECONOMIA E AMMINISTRAZIONE DELLE IMPRESE,[E1802M007] RAGIONERIA GENERALE ED APPLICATA,24.306878306878307,189
[E1802M] ECONOMIA E AMMINISTRAZIONE DELLE IMPRESE,[E1802M031] ECONOMIA AZIENDALE,23.954545454545453,286
[E1802M] ECONOMIA E AMMINISTRAZIONE DELLE IMPRESE,[E1802M119] METODI STATISTICI PER L'AMMINISTRAZIONE DELLE IMPRESE,23.897058823529413,68
[E1802M] ECONOMIA E AMMINISTRAZIONE DELLE IMPRESE,[E1802M129] LINGUA INGLESE,23.707070707070706,198
[E1802M] ECONOMIA E AMMINISTRAZIONE DELLE IMPRESE,[E1802M115] METODI QUANTITATIVI PER L'AMMINISTRAZIONE DELLE IMPRESE,23.01818181818182,110
[E1802M] ECONOMIA E AMMINISTRAZIONE DELLE IMPRESE,[E1802M026] ABILITÀ INFORMATICHE PREPARAZIONE TESI,,163
"[E1803M] ECONOMIA DELLE BANCHE, DELLE ASSICURAZIONI E DEGLI INTERMEDIARI FINANZIARI",[E1803M052] DIRITTO COMMERCIALE E LEGISLAZIONE BANCARIA,27.350746268656717,134
"[E1803M] ECONOMIA DELLE BANCHE, DELLE ASSICURAZIONI E DEGLI INTERMEDIARI FINANZIARI",[E3301M154] DIRITTO DEI MERCATI FINANZIARI,26.639344262295083,61
"[E1803M] ECONOMIA DELLE BANCHE, DELLE ASSICURAZIONI E DEGLI INTERMEDIARI FINANZIARI",[E1803M049] CONTABILITA' E BILANCIO,26.19496855345912,159
"[E1803M] ECONOMIA DELLE BANCHE, DELLE ASSICURAZIONI E DEGLI INTERMEDIARI FINANZIARI",[E1803M101] MACROECONOMIA,25.793548387096774,155
"[E1803M] ECONOMIA DELLE BANCHE, DELLE ASSICURAZIONI E DEGLI INTERMEDIARI FINANZIARI",[E1803M038] ISTITUZIONI DI DIRITTO PRIVATO,25.768558951965066,229
"[E1803M] ECONOMIA DELLE BANCHE, DELLE ASSICURAZIONI E DEGLI INTERMEDIARI FINANZIARI",[E1803M070] ECONOMIA DEL MERCATO MOBILIARE,25.531645569620252,79
"[E1803M] ECONOMIA DELLE BANCHE, DELLE ASSICURAZIONI E DEGLI INTERMEDIARI FINANZIARI",[E1803M058] LINGUA - FRANCESE,25.16216216216216,37
"[E1803M] ECONOMIA DELLE BANCHE, DELLE ASSICURAZIONI E DEGLI INTERMEDIARI FINANZIARI",[E1803M100] MICROECONOMIA E STORIA ECONOMICA,25.13125,160
"[E1803M] ECONOMIA DELLE BANCHE, DELLE ASSICURAZIONI E DEGLI INTERMEDIARI FINANZIARI",[E1803M060] LINGUA - SPAGNOLO,25.043478260869566,46
"[E1803M] ECONOMIA DELLE BANCHE, DELLE ASSICURAZIONI E DEGLI INTERMEDIARI FINANZIARI",[E1803M075] ECONOMIA DELLE ISTITUZIONI FINANZIARIE,24.940860215053764,186
"[E1803M] ECONOMIA DELLE BANCHE, DELLE ASSICURAZIONI E DEGLI INTERMEDIARI FINANZIARI",[E1803M004] ISTITUZIONI DI DIRITTO PUBBLICO,24.80603448275862,232
"[E1803M] ECONOMIA DELLE BANCHE, DELLE ASSICURAZIONI E DEGLI INTERMEDIARI FINANZIARI",[E1803M041] STATISTICA I,24.785123966942148,121
"[E1803M] ECONOMIA DELLE BANCHE, DELLE ASSICURAZIONI E DEGLI INTERMEDIARI FINANZIARI",[E1803M046] ECONOMIA AZIENDALE,24.746724890829693,229
"[E1803M] ECONOMIA DELLE BANCHE, DELLE ASSICURAZIONI E DEGLI INTERMEDIARI FINANZIARI",[E1803M051] MATEMATICA PER LA FINANZA,24.742424242424242,132
"[E1803M] ECONOMIA DELLE BANCHE, DELLE ASSICURAZIONI E DEGLI INTERMEDIARI FINANZIARI",[E1803M054] ECONOMIA DEL SETTORE FINANZIARIO,24.666666666666668,108
"[E1803M] ECONOMIA DELLE BANCHE, DELLE ASSICURAZIONI E DEGLI INTERMEDIARI FINANZIARI",[E1803M048] STATISTICA PER LA FINANZA,24.416666666666668,60
"[E1803M] ECONOMIA DELLE BANCHE, DELLE ASSICURAZIONI E DEGLI INTERMEDIARI FINANZIARI",[E1803M081] FINANZA AZIENDALE,24.083333333333332,144
"[E1803M] ECONOMIA DELLE BANCHE, DELLE ASSICURAZIONI E DEGLI INTERMEDIARI FINANZIARI",[E1803M050] GESTIONE BANCARIA,23.64,150
"[E1803M] ECONOMIA DELLE BANCHE, DELLE ASSICURAZIONI E DEGLI INTERMEDIARI FINANZIARI",[E1803M047] MATEMATICA GENERALE I,23.55944055944056,143
"[E1803M] ECONOMIA DELLE BANCHE, DELLE ASSICURAZIONI E DEGLI INTERMEDIARI FINANZIARI",[E1803M033] ECONOMIA DELLE IMPRESE DI ASSICURAZIONE,23.33050847457627,118
"[E1803M] ECONOMIA DELLE BANCHE, DELLE ASSICURAZIONI E DEGLI INTERMEDIARI FINANZIARI",[E1803M037] INFORMATICA GENERALE,22.897959183673468,49
"[E1803M] ECONOMIA DELLE BANCHE, DELLE ASSICURAZIONI E DEGLI INTERMEDIARI FINANZIARI",[E1803M057] LINGUA - INGLESE,22.261363636363637,176
"[E1803M] ECONOMIA DELLE BANCHE, DELLE ASSICURAZIONI E DEGLI INTERMEDIARI FINANZIARI",[E1803M017] ABILITÀ INFORMATICHE PREPARAZIONE TESI,,123
[E1901R] SCIENZE DELL'EDUCAZIONE,[E1901R110] EDUCAZIONE DEGLI ADULTI,29.06578947368421,76
[E1901R] SCIENZE DELL'EDUCAZIONE,[E1901R109] CLINICA DELLA FORMAZIONE,28.47906976744186,215
[E1901R] SCIENZE DELL'EDUCAZIONE,[E1901R002] FILOSOFIA DELL'EDUCAZIONE,28.11844660194175,515
[E1901R] SCIENZE DELL'EDUCAZIONE,[E1901R081] PSICOLOGIA DELLO SVILUPPO,28,254
[E1901R] SCIENZE DELL'EDUCAZIONE,[E1901R086] METODI E TECNICHE DELLA FORMAZIONE MEDIALE,27.88372093023256,86
[E1901R] SCIENZE DELL'EDUCAZIONE,[E1901R034] PEDAGOGIA SOCIALE,27.77777777777778,126
[E1901R] SCIENZE DELL'EDUCAZIONE,[E1901R091] PSICOLOGIA CLINICA,27.751824817518248,274
[E1901R] SCIENZE DELL'EDUCAZIONE,[E1901R080] PEDAGOGIA DEL GIOCO,27.458333333333332,192
[E1901R] SCIENZE DELL'EDUCAZIONE,[E1901R087] PEDAGOGIA DELL'ADOLESCENZA,27.4,110
[E1901R] SCIENZE DELL'EDUCAZIONE,[E1901R104] DIDATTICA E PEDAGOGIA DELL'INCLUSIONE,27.197604790419163,334
[E1901R] SCIENZE DELL'EDUCAZIONE,[E1901R082] PSICOLOGIA DELLA DISABILITA' E DELL'INTEGRAZIONE,27.053731343283584,335
[E1901R] SCIENZE DELL'EDUCAZIONE,[E1901R016] FILOSOFIA TEORETICA,27.013422818791945,298
[E1901R] SCIENZE DELL'EDUCAZIONE,[E1901R004] ANTROPOLOGIA CULTURALE,26.969811320754715,265
[E1901R] SCIENZE DELL'EDUCAZIONE,[E1901R088] PSICOLOGIA CLINICA DI COMUNITA',26.935643564356436,202
[E1901R] SCIENZE DELL'EDUCAZIONE,[E1901R017] FILOSOFIA MORALE,26.897058823529413,68
[E1901R] SCIENZE DELL'EDUCAZIONE,[E1901R078] POLITICHE SOCIALI,26.815094339622643,530
[E1901R] SCIENZE DELL'EDUCAZIONE,[E1901R009] PEDAGOGIA DELL'INFANZIA,26.796511627906977,172
[E1901R] SCIENZE DELL'EDUCAZIONE,[E1901R077] SOCIOLOGIA GENERALE,26.633495145631066,412
[E1901R] SCIENZE DELL'EDUCAZIONE,[E1901R037] METODOLOGIA DELLA FORMAZIONE,26.612903225806452,31
[E1901R] SCIENZE DELL'EDUCAZIONE,[E1901R093] PEDAGOGIA GENERALE I CON LABORATORIO,26.502202643171806,454
[E1901R] SCIENZE DELL'EDUCAZIONE,[E1901R021] STORIA CONTEMPORANEA,26.466666666666665,135
[E1901R] SCIENZE DELL'EDUCAZIONE,[E1901R005] PSICOLOGIA DELL'EDUCAZIONE,26.349344978165938,458
[E1901R] SCIENZE DELL'EDUCAZIONE,[E1901R014] LETTERATURA ITALIANA CONTEMPORANEA,26.106172839506172,405
[E1901R] SCIENZE DELL'EDUCAZIONE,[E1901R107] PEDAGOGIA DEL CORPO,26.065040650406505,369
[E1901R] SCIENZE DELL'EDUCAZIONE,[E1901R111] PEDAGOGIA DELLA FAMIGLIA,26.05263157894737,76
[E1901R] SCIENZE DELL'EDUCAZIONE,[E1901R007] PEDAGOGIA INTERCULTURALE,25.483870967741936,403
[E1901R] SCIENZE DELL'EDUCAZIONE,[E1901R010] ORGANIZZAZIONE AZIENDALE E DEI SERVIZI,25.210169491525424,295
[E1901R] SCIENZE DELL'EDUCAZIONE,[E1901R013] ISTITUZIONI DI LINGUISTICA,24.69304556354916,417
[E1901R] SCIENZE DELL'EDUCAZIONE,[E1901R019] STORIA MEDIOEVALE,24.496402877697843,139
[E1901R] SCIENZE DELL'EDUCAZIONE,[E1901R098] LABORATORIO INTERDISCIPLINARE,,462
[E1901R] SCIENZE DELL'EDUCAZIONE,[E1901R096] TIROCINIO - INSERIMENTO NELLE ORGANIZZAZIONI,,472
[E1901R] SCIENZE DELL'EDUCAZIONE,[E1901R095] TIROCINIO - ATTIVITA' PROPEDEUTICHE,,464
[E2001R] COMUNICAZIONE INTERCULTURALE,[E2001R031] LINGUISTICA APPLICATA,28.45762711864407,59
[E2001R] COMUNICAZIONE INTERCULTURALE,[E2001R038] ISTITUZIONI DI CULTURA ARABA,28.066666666666666,60
[E2001R] COMUNICAZIONE INTERCULTURALE,[E2001R024] TEORIA E TECNICA DEI NUOVI MEDIA,27.902097902097903,143
[E2001R] COMUNICAZIONE INTERCULTURALE,[E2001R005] SOCIOLOGIA DELLA COMUNICAZIONE,27.174825174825173,143
[E2001R] COMUNICAZIONE INTERCULTURALE,[E2001R040] ISTITUZIONI DI CULTURA GIAPPONESE,27.0625,32
[E2001R] COMUNICAZIONE INTERCULTURALE,[E2001R029] GEOGRAFIA CULTURALE **,26.98639455782313,147
[E2001R] COMUNICAZIONE INTERCULTURALE,[E2001R027] ANTROPOLOGIA DELLA CONTEMPORANEITÀ,26.958333333333332,48
[E2001R] COMUNICAZIONE INTERCULTURALE,[E2001R007] ANTROPOLOGIA CULTURALE,26.70718232044199,181
[E2001R] COMUNICAZIONE INTERCULTURALE,[E2001R006] ESTETICA,26.641509433962263,106
[E2001R] COMUNICAZIONE INTERCULTURALE,[E2001R008] PEDAGOGIA INTERCULTURALE,26.54696132596685,181
[E2001R] COMUNICAZIONE INTERCULTURALE,[E2001R055] LINGUA CINESE I,26.5,38
[E2001R] COMUNICAZIONE INTERCULTURALE,[E2001R039] ISTITUZIONI DI CULTURA CNESE,26.394736842105264,38
[E2001R] COMUNICAZIONE INTERCULTURALE,[E2001R010] ORGANIZZAZIONE AZIENDALE,26.15286624203822,157
[E2001R] COMUNICAZIONE INTERCULTURALE,[E2001R009] PSICOLOGIA DELLA COMUNICAZIONE,26.021621621621623,185
[E2001R] COMUNICAZIONE INTERCULTURALE,"[E4001N067] CULTURE, DIFFERENZE, CONFLITTI",25.84090909090909,44
[E2001R] COMUNICAZIONE INTERCULTURALE,[E2001R028] ANTROPOLOGIA DEI MEDIA,25.81081081081081,37
[E2001R] COMUNICAZIONE INTERCULTURALE,[E2001R001] LETTERATURA ITALIANA CONTEMPORANEA,25.75,136
[E2001R] COMUNICAZIONE INTERCULTURALE,[E2001R060] LINGUA GIAPPONESE III,25.555555555555557,45
[E2001R] COMUNICAZIONE INTERCULTURALE,[E2001R014] LOGICA E FILOSOFIA DELLA SCIENZA,25.539473684210527,152
[E2001R] COMUNICAZIONE INTERCULTURALE,[E2001R053] LINGUA ARABA III,25.155555555555555,45
[E2001R] COMUNICAZIONE INTERCULTURALE,[E2001R052] LINGUA ARABA II,24.121951219512194,41
[E2001R] COMUNICAZIONE INTERCULTURALE,[E2001R051] LINGUA ARABA I,24.115384615384617,52
[E2001R] COMUNICAZIONE INTERCULTURALE,[E2001R002] LINGUISTICA ITALIANA,23.84090909090909,132
[E2001R] COMUNICAZIONE INTERCULTURALE,[E2001R004] ETNOLINGUISTICA,23.573529411764707,136
[E2001R] COMUNICAZIONE INTERCULTURALE,[E2001R037] LINGUISTICA GENERALE,23.136363636363637,154
[E2004P] SCIENZE PSICOSOCIALI DELLA COMUNICAZIONE,[E2004P025] PSICOLOGIA ECONOMICA E DEL LAVORO,29.188235294117646,85
[E2004P] SCIENZE PSICOSOCIALI DELLA COMUNICAZIONE,[E2004P027] COMUNICAZIONE D'IMPRESA,28.473684210526315,57
[E2004P] SCIENZE PSICOSOCIALI DELLA COMUNICAZIONE,[E2004P040] LA MISURAZIONE IN AMBITO PSICOSOCIALE,28.17142857142857,35
[E2004P] SCIENZE PSICOSOCIALI DELLA COMUNICAZIONE,[E2004P029] PSICOLOGIA DEL COMPORTAMENTO ECONOMICO E DEI CONSUMI,27.89189189189189,37
[E2004P] SCIENZE PSICOSOCIALI DELLA COMUNICAZIONE,[E2004P003] LINGUISTICA,27.654205607476637,107
[E2004P] SCIENZE PSICOSOCIALI DELLA COMUNICAZIONE,[E2004P026] PSICOLOGIA SOCIALE DELLA COMUNICAZIONE,27.604938271604937,81
[E2004P] SCIENZE PSICOSOCIALI DELLA COMUNICAZIONE,[E2004P009] PSICOLINGUISTICA,27.138297872340427,94
[E2004P] SCIENZE PSICOSOCIALI DELLA COMUNICAZIONE,[E2004P038] WEB MARKETING,26.910112359550563,89
[E2004P] SCIENZE PSICOSOCIALI DELLA COMUNICAZIONE,[E2004P037] VISUAL DESIGN,26.616666666666667,60
[E2004P] SCIENZE PSICOSOCIALI DELLA COMUNICAZIONE,[E2004P039] METODI E STRUMENTI DI INDAGINE NEL CICLO DI VITA,26.272727272727273,44
[E2004P] SCIENZE PSICOSOCIALI DELLA COMUNICAZIONE,[E2004P036] FONDAMENTI DI INFORMATICA PER LA COMUNICAZIONE,26.257425742574256,101
[E2004P] SCIENZE PSICOSOCIALI DELLA COMUNICAZIONE,[E2004P044] PSICOLOGIA SOCIALE DELLA COMUNICAZIONE,26.160919540229884,87
[E2004P] SCIENZE PSICOSOCIALI DELLA COMUNICAZIONE,"[E2004P008] APPRENDIMENTO, PENSIERO E DECISIONE",26.14814814814815,54
[E2004P] SCIENZE PSICOSOCIALI DELLA COMUNICAZIONE,[E2004P010] STORIA DELLA SCIENZA,26.127906976744185,86
[E2004P] SCIENZE PSICOSOCIALI DELLA COMUNICAZIONE,[E2004P002] FILOSOFIA DEL LINGUAGGIO,26.08910891089109,101
[E2004P] SCIENZE PSICOSOCIALI DELLA COMUNICAZIONE,[E2004P013] PSICOLOGIA DELL'ARTE,26.022222222222222,45
[E2004P] SCIENZE PSICOSOCIALI DELLA COMUNICAZIONE,[E2004P006] STATISTICA PER LA RICERCA SOCIALE,25.913978494623656,93
[E2004P] SCIENZE PSICOSOCIALI DELLA COMUNICAZIONE,[E2004P007] TEORIA E TECNICA DEI NUOVI MEDIA,25.9,90
[E2004P] SCIENZE PSICOSOCIALI DELLA COMUNICAZIONE,[E2004P005] PSICOLOGIA SOCIALE,25.78301886792453,106
[E2004P] SCIENZE PSICOSOCIALI DELLA COMUNICAZIONE,[E2004P004] PSICOLOGIA GENERALE PER LA COMUNICAZIONE,25.714285714285715,98
[E2004P] SCIENZE PSICOSOCIALI DELLA COMUNICAZIONE,[E2004P024] PUBBLICITA',,74
[E2401P] SCIENZE E TECNICHE PSICOLOGICHE,[E2401P076] STORIA DELLA FILOSOFIA,29.24390243902439,41
[E2401P] SCIENZE E TECNICHE PSICOLOGICHE,[E2401P026] PSICOLOGIA GIURIDICA,28.81935483870968,155
[E2401P] SCIENZE E TECNICHE PSICOLOGICHE,[E2401P031] FATTORI DI RISCHIO E PROTEZIONE NELLA FORMAZIONE DELLA PERSONALITÀ,28.568527918781726,197
[E2401P] SCIENZE E TECNICHE PSICOLOGICHE,[E2401P030] PSICODINAMICA DELLO SVILUPPO E DELLE RELAZIONI FAMILIARI,28.382716049382715,81
[E2401P] SCIENZE E TECNICHE PSICOLOGICHE,[E2401P116] ELEMENTI DI LINGUISTICA E PSICOLINGUISTICA,28.081632653061224,49
[E2401P] SCIENZE E TECNICHE PSICOLOGICHE,[E2401P032] COUNSELLING,28.026785714285715,112
[E2401P] SCIENZE E TECNICHE PSICOLOGICHE,[E2401P028] PSICOLOGIA DEL COMPORTAMENTO ECONOMICO E DEI CONSUMI,27.976744186046513,43
[E2401P] SCIENZE E TECNICHE PSICOLOGICHE,[E2401P064] FILOSOFIA DELLA SCIENZA,27.926470588235293,68
[E2401P] SCIENZE E TECNICHE PSICOLOGICHE,[E2401P022] PSICOLOGIA DEL CICLO DI VITA,27.826446280991735,121
[E2401P] SCIENZE E TECNICHE PSICOLOGICHE,[E2401P118] PSICOLOGIA SOCIALE DEI GRUPPI,27.785714285714285,56
[E2401P] SCIENZE E TECNICHE PSICOLOGICHE,[E2401P011] PSICOLOGIA SOCIALE,27.778816199376948,321
[E2401P] SCIENZE E TECNICHE PSICOLOGICHE,[E2401P119] RICERCA INTERVENTO DI COMUNITA',27.294117647058822,119
[E2401P] SCIENZE E TECNICHE PSICOLOGICHE,[E2401P019] PSICOBIOLOGIA DEI DISTURBI COMPORTAMENTALI,27.26027397260274,146
[E2401P] SCIENZE E TECNICHE PSICOLOGICHE,[E2401P117] PSICOLOGIA DELL'EDUCAZIONE E DEI PROCESSI DI APPRENDIMENTO,27.209302325581394,86
[E2401P] SCIENZE E TECNICHE PSICOLOGICHE,[E2401P013] PSICOLOGIA DINAMICA,27.11111111111111,288
[E2401P] SCIENZE E TECNICHE PSICOLOGICHE,[E2401P120] TEORIE E STRUMENTI PER LA GESTIONE E LO SVILUPPO DEL PERSONALE,27.01388888888889,72
[E2401P] SCIENZE E TECNICHE PSICOLOGICHE,[E2401P101] PSICOMETRIA CON LABORATORIO DI SPSS 2,26.988235294117647,340
[E2401P] SCIENZE E TECNICHE PSICOLOGICHE,[E2401P029] TECNICHE DEL COLLOQUIO,26.91743119266055,109
[E2401P] SCIENZE E TECNICHE PSICOLOGICHE,"[E2401P015] MOTIVAZIONE, EMOZIONE E PERSONALITÀ",26.851190476190474,168
[E2401P] SCIENZE E TECNICHE PSICOLOGICHE,[E2004P013] PSICOLOGIA DELL'ARTE,26.83050847457627,59
[E2401P] SCIENZE E TECNICHE PSICOLOGICHE,[E2401P068] SOCIOLOGIA,26.767676767676768,99
[E2401P] SCIENZE E TECNICHE PSICOLOGICHE,[E2401P008] PSICOLOGIA FISIOLOGICA,26.59931506849315,292
[E2401P] SCIENZE E TECNICHE PSICOLOGICHE,[E2401P035] CRIMINOLOGIA,26.44776119402985,67
[E2401P] SCIENZE E TECNICHE PSICOLOGICHE,[E2401P002] FONDAMENTI ANATOMO-FISIOLOGICI DELL'ATTIVITÀ PSICHICA,26.312,375
[E2401P] SCIENZE E TECNICHE PSICOLOGICHE,[E2401P007] PSICOLOGIA GENERALE 2,26.19672131147541,244
[E2401P] SCIENZE E TECNICHE PSICOLOGICHE,[E2401P005] BIOLOGIA E GENETICA,26.072351421188632,387
[E2401P] SCIENZE E TECNICHE PSICOLOGICHE,"[E2401P006] FILOSOFIA DELLA MENTE, LOGICA E LINGUE NATURALI",25.964912280701753,171
[E2401P] SCIENZE E TECNICHE PSICOLOGICHE,[E2401P004] STORIA DELLA PSICOLOGIA,25.516795865633075,387
[E2401P] SCIENZE E TECNICHE PSICOLOGICHE,[E2401P100] ELEMENTI DI PSICOMETRIA CON LABORATORIO DI SPSS 1,25.422535211267604,355
[E2401P] SCIENZE E TECNICHE PSICOLOGICHE,[E2401P010] PSICOLOGIA DELLO SVILUPPO,25.261146496815286,314
[E2401P] SCIENZE E TECNICHE PSICOLOGICHE,[E2401P012] PSICOLOGIA DEL LAVORO E DELLE ORGANIZZAZIONI,25.194528875379937,329
[E2401P] SCIENZE E TECNICHE PSICOLOGICHE,[E2401P103] PSICOPATOLOGIA GENERALE,25.133522727272727,352
[E2401P] SCIENZE E TECNICHE PSICOLOGICHE,[E2401P001] PSICOLOGIA GENERALE 1,24.817663817663817,351
[E2401P] SCIENZE E TECNICHE PSICOLOGICHE,"[E2401P114] LE PROFESSIONI PSICOLOGICHE: TEORIE, PRATICHE E METODOLOGIE DI LAVORO A CONFRONTO",,127
[E2401P] SCIENZE E TECNICHE PSICOLOGICHE,[E2401P112] LABORATORIO: METODOLOGIE PER L'ASSESSMENT MULTICULTURALE,,32
[E2401P] SCIENZE E TECNICHE PSICOLOGICHE,[E2401P111] LABORATORIO: METODI DI VALUTAZIONE DELLE ABILITA' COGNITIVE,,35
[E2401P] SCIENZE E TECNICHE PSICOLOGICHE,[E2401P110] LABORATORIO: METODI E TECNICHE DELL'INTERVISTA E DEL FOCUS GROUP,,53
[E2401P] SCIENZE E TECNICHE PSICOLOGICHE,[E2401P105] LABORATORIO: METODI DI INDAGINE SPERIMENTALE IN PSICOLOGIA DEL PENSIERO E DELLA COMUNICAZIONE,,70
[E2401P] SCIENZE E TECNICHE PSICOLOGICHE,[E2401P104] LABORATORIO: METODI E STRUMENTI DI VALUTAZIONE DELLO SVILUPPO COGNITIVO IN ETA' PRESCOLARE,,53
[E2401P] SCIENZE E TECNICHE PSICOLOGICHE,[E2401P053] LABORATORIO: METODI DI VALUTAZIONE DELL'INTERAZIONE E DELLA REGOLAZIONE EMOTIVA GENITORE/BAMBINO,,76
[E2401P] SCIENZE E TECNICHE PSICOLOGICHE,[E2401P052] LABORATORIO: METODI DIAGNOSTICI,,191
[E2401P] SCIENZE E TECNICHE PSICOLOGICHE,[E2401P050] LABORATORIO: METODI DI ANALISI E DI CODIFICA DEL TESTO CLINICO,,32
[E2401P] SCIENZE E TECNICHE PSICOLOGICHE,[E2401P049] LABORATORIO: METODI DI ANALISI DEL FAMILY LIFE SPACE,,155
[E2401P] SCIENZE E TECNICHE PSICOLOGICHE,[E2401P040] LABORATORIO: METODI DI VALUTAZIONE DELL'INTELLIGENZA VERBALE E NON VERBALE IN ETÀ EVOLUTIVA,,242
[E2401P] SCIENZE E TECNICHE PSICOLOGICHE,[E2401P039] LABORATORIO: METODI E TECNICHE DI VALUTAZIONE NEUROPSICOLOGICA,,267
[E2401P] SCIENZE E TECNICHE PSICOLOGICHE,"[E2401P038] LABORATORIO: METODI E TECNICHE DELLA VALUTAZIONE E DELLA PROMOZIONE DEL BENESSERE NELL'AMBITO ORGANIZZATIVO, SCOLASTICO E DELLA SALUTE",,137
[E2701Q] SCIENZA DEI MATERIALI,[E2701Q038] CHIMICA MACROMOLECOLARE CON LABORATORIO,27.870967741935484,31
[E2701Q] SCIENZA DEI MATERIALI,[E2701Q041] LABORATORIO DI CHIMICA ORGANICA,26.771428571428572,35
[E2701Q] SCIENZA DEI MATERIALI,[E2701Q001] MATEMATICA I,25.605263157894736,38
[E2701Q] SCIENZA DEI MATERIALI,[E2701Q012] LABORATORIO DI CHIMICA ANALITICA STRUMENTALE,25.575,40
[E2701Q] SCIENZA DEI MATERIALI,[E2701Q034] CHIMICA GENERALE E INORGANICA CON LABORATORIO,25.4,50
[E2701Q] SCIENZA DEI MATERIALI,[E2701Q035] CHIMICA ORGANICA,23.609756097560975,41
[E2702Q] SCIENZE E TECNOLOGIE CHIMICHE,[E2702Q045] ELEMENTI DI BIOCHIMICA,28.325,40
[E2702Q] SCIENZE E TECNOLOGIE CHIMICHE,[E2702Q101] CHIMICA ORGANICA III E LABORATORIO,27.571428571428573,49
[E2702Q] SCIENZE E TECNOLOGIE CHIMICHE,[E2702Q097] CHIMICA FISICA III E LABORATORIO,27.46,50
[E2702Q] SCIENZE E TECNOLOGIE CHIMICHE,[E2702Q009] CHIMICA FISICA I,27.459016393442624,61
[E2702Q] SCIENZE E TECNOLOGIE CHIMICHE,[E2702Q087] CHIMICA ANALITICA E LABORATORIO,27,57
[E2702Q] SCIENZE E TECNOLOGIE CHIMICHE,[E2702Q085] CHIMICA ORGANICA I,26.979591836734695,49
[E2702Q] SCIENZE E TECNOLOGIE CHIMICHE,[E2702Q099] CHIMICA FISICA APPLICATA,26.76086956521739,46
[E2702Q] SCIENZE E TECNOLOGIE CHIMICHE,[E2702Q089] CHIMICA FISICA II E LABORATORIO,26.736842105263158,38
[E2702Q] SCIENZE E TECNOLOGIE CHIMICHE,[E2702Q058] CHIMICA ANALITICA STRUMENTALE E LABORATORIO,26.615384615384617,52
[E2702Q] SCIENZE E TECNOLOGIE CHIMICHE,[E2702Q003] FISICA I,26.571428571428573,56
[E2702Q] SCIENZE E TECNOLOGIE CHIMICHE,[E2702Q075] MATEMATICA II,26.45762711864407,59
[E2702Q] SCIENZE E TECNOLOGIE CHIMICHE,[E2702Q094] CHIMICA ORGANICA II E LABORATORIO,26.451612903225808,62
[E2702Q] SCIENZE E TECNOLOGIE CHIMICHE,[E2702Q004] FISICA II,26.372549019607842,51
[E2702Q] SCIENZE E TECNOLOGIE CHIMICHE,[E2702Q073] CHIMICA INORGANICA II E LABORATORIO,26.162790697674417,43
[E2702Q] SCIENZE E TECNOLOGIE CHIMICHE,[E2702Q092] CHIMICA INORGANICA I E LABORATORIO,26.125,40
[E2702Q] SCIENZE E TECNOLOGIE CHIMICHE,[E2702Q082] CHIMICA GENERALE E LABORATORIO,25.15625,64
[E2702Q] SCIENZE E TECNOLOGIE CHIMICHE,[E2702Q001] MATEMATICA I,24.73846153846154,65
[E3001Q] FISICA,[E3001Q042] FISICA II,27.83695652173913,92
[E3001Q] FISICA,[E3001Q068] ELEMENTI DI BIOFOTONICA,27.805555555555557,36
[E3001Q] FISICA,[E3001Q044] LABORATORIO II,27.316239316239315,117
[E3001Q] FISICA,[E3001Q012] LABORATORIO DI INFORMATICA I,27.08695652173913,161
[E3001Q] FISICA,[E3001Q046] MECCANICA QUANTISTICA,26.714285714285715,56
[E3001Q] FISICA,[E3001Q037] LABORATORIO I,26.694915254237287,177
[E3001Q] FISICA,[E3001Q048] FISICA NUCLEARE E SUBNUCLEARE,26.676470588235293,68
[E3001Q] FISICA,[E3001Q043] FISICA III,26.629032258064516,124
[E3001Q] FISICA,[E3001Q036] FISICA I,26.319148936170212,141
[E3001Q] FISICA,[E3001Q057] STRUTTURA DELLA MATERIA,26.272727272727273,55
[E3001Q] FISICA,[E3001Q052] ELEMENTI DI ELETTRONICA,26.11764705882353,34
[E3001Q] FISICA,[E3001Q033] ANALISI MATEMATICA I,25.829268292682926,82
[E3001Q] FISICA,[E3001Q067] ELEMENTI DI FISICA MEDICA E AMBIENTALE,25.8,40
[E3001Q] FISICA,[E3001Q010] MATEMATICA PER LA FISICA,25.742268041237114,97
[E3001Q] FISICA,[E3001Q040] ANALISI MATEMATICA II,25.42528735632184,87
[E3001Q] FISICA,[E3001Q003] MECCANICA CLASSICA,25.16883116883117,154
[E3001Q] FISICA,[E3001Q035] ALGEBRA LINEARE E GEOMETRIA,24.41304347826087,138
[E3001Q] FISICA,[E3001Q038] CHIMICA,23.48695652173913,115
[E3002Q] OTTICA E OPTOMETRIA,[E3002Q012] LABORATORIO TECNICHE FISICHE PER L?OPTOMETRIA,26.822222222222223,45
[E3002Q] OTTICA E OPTOMETRIA,[E3002Q037] LABORATORIO OTTICA DELLA CONTATTOLOGIA,25.933333333333334,45
[E3002Q] OTTICA E OPTOMETRIA,[E3002Q010] TECNICHE FISICHE PER L?OPTOMETRIA GENERALE,25.35483870967742,31
[E3002Q] OTTICA E OPTOMETRIA,[E3002Q008] FISIOLOGIA GENERALE ED OCULARE,25.35483870967742,31
[E3002Q] OTTICA E OPTOMETRIA,[E3002Q002] ISTITUZIONI DI MATEMATICA II,24.325,40
[E3002Q] OTTICA E OPTOMETRIA,[E3002Q001] ISTITUZIONI DI MATEMATICA I,21.10810810810811,37
[E3101Q] INFORMATICA,[E3101Q122] PROGRAMMAZIONE E AMMINISTRAZIONE DI SISTEMA,27.775,40
[E3101Q] INFORMATICA,[E3101Q120] INTERAZIONE UOMO - MACCHINA,27.622222222222224,45
[E3101Q] INFORMATICA,[E3101Q109] ANALISI E PROGETTAZIONE DEL SOFTWARE,27.376623376623378,231
[E3101Q] INFORMATICA,[E3101Q123] SICUREZZA ED AFFIDABILITA',26.73170731707317,164
[E3101Q] INFORMATICA,[E3101Q113] ANALISI E PROGETTO DI ALGORITMI,26.685897435897434,156
[E3101Q] INFORMATICA,[E3101Q105] PROGRAMMAZIONE 1,26.612099644128115,281
[E3101Q] INFORMATICA,[E3101Q107] ALGORITMI E STRUTTURE DATI,26.56611570247934,242
[E3101Q] INFORMATICA,[E3101Q111] LINGUAGGI E COMPUTABILITA',26.21030042918455,233
[E3101Q] INFORMATICA,[E3101Q127] PROBABILITA' E STATISTICA PER L'INFORMATICA,26.1123595505618,178
[E3101Q] INFORMATICA,[E3101Q103] BASI DI DATI,26.025751072961373,233
[E3101Q] INFORMATICA,[E3101Q112] SISTEMI DISTRIBUITI,25.901960784313726,204
[E3101Q] INFORMATICA,[E3101Q130] FISICA,25.79047619047619,105
[E3101Q] INFORMATICA,[E3101Q108] LINGUAGGI DI PROGRAMMAZIONE,25.689839572192515,187
[E3101Q] INFORMATICA,[E3101Q106] PROGRAMMAZIONE 2,25.148471615720524,229
[E3101Q] INFORMATICA,[E3101Q110] RETI E SISTEMI OPERATIVI,24.085308056872037,211
[E3101Q] INFORMATICA,[E3101Q115] COMPLEMENTI DI BASI DI DATI,23.95744680851064,47
[E3101Q] INFORMATICA,[E3101Q128] RICERCA OPERATIVA E PIANIFICAZIONE DELLE RISORSE,23.622754491017965,167
[E3101Q] INFORMATICA,[E3101Q102] FONDAMENTI DELL'INFORMATICA,23.58,250
[E3101Q] INFORMATICA,[E3101Q129] METODI ALGEBRICI PER L'INFORMATICA,21.914285714285715,35
[E3101Q] INFORMATICA,[E3101Q104] ARCHITETTURA DEGLI ELABORATORI,21.6,105
[E3101Q] INFORMATICA,[E3101Q101] COMPLEMENTI DI MATEMATICA,20.864864864864863,74
[E3101Q] INFORMATICA,[E3101Q100] ANALISI MATEMATICA,20.649006622516556,151
[E3201Q] SCIENZE E TECNOLOGIE PER L'AMBIENTE,[E3201Q083] ANALISI CHIMICHE AMBIENTALI,27.355555555555554,45
[E3201Q] SCIENZE E TECNOLOGIE PER L'AMBIENTE,[E3201Q075] MICROBIOLOGIA E BIOCHIMICA,27.085106382978722,47
[E3201Q] SCIENZE E TECNOLOGIE PER L'AMBIENTE,[E3201Q076] ECOLOGIA,26.96875,32
[E3201Q] SCIENZE E TECNOLOGIE PER L'AMBIENTE,[E3201Q072] PRINCIPI DI DIRITTO AMBIENTALE,26.547619047619047,42
[E3201Q] SCIENZE E TECNOLOGIE PER L'AMBIENTE,[E3201Q090] GEOGRAFIA FISICA E SISTEMI INFORMATIVI TERRITORIALI,26.380281690140844,71
[E3201Q] SCIENZE E TECNOLOGIE PER L'AMBIENTE,[E3201Q074] CHIMICA ORGANICA,26.361702127659573,47
[E3201Q] SCIENZE E TECNOLOGIE PER L'AMBIENTE,[E3201Q079] GEOPEDOLOGIA,26.175,40
[E3201Q] SCIENZE E TECNOLOGIE PER L'AMBIENTE,[E3201Q069] BOTANICA,25.75438596491228,57
[E3201Q] SCIENZE E TECNOLOGIE PER L'AMBIENTE,[E3201Q088] BIOLOGIA ANIMALE E CELLULARE,25.42,50
[E3201Q] SCIENZE E TECNOLOGIE PER L'AMBIENTE,[E3201Q066] FISICA GENERALE,25.14814814814815,54
[E3201Q] SCIENZE E TECNOLOGIE PER L'AMBIENTE,[E3201Q040] MATEMATICA II,24.135135135135137,37
[E3201Q] SCIENZE E TECNOLOGIE PER L'AMBIENTE,[E3201Q107] PRINCIPI DI SCIENZE DELLA TERRA,24.025316455696203,79
[E3201Q] SCIENZE E TECNOLOGIE PER L'AMBIENTE,[E3201Q067] CHIMICA GENERALE ED INORGANICA,22.44736842105263,38
[E3201Q] SCIENZE E TECNOLOGIE PER L'AMBIENTE,[E3201Q016] LABORATORIO DI INTEGRAZIONE II,,66
[E3201Q] SCIENZE E TECNOLOGIE PER L'AMBIENTE,[E3201Q008] LABORATORIO DI INTEGRAZIONE I,,59
[E3301M] ECONOMIA E COMMERCIO,[E3301M145] BILANCIO,28.755555555555556,90
[E3301M] ECONOMIA E COMMERCIO,[E3301M111] ISTITUZIONI DI DIRITTO PRIVATO,26.78787878787879,132
[E3301M] ECONOMIA E COMMERCIO,[E3301M150] DIRITTO INTERNAZIONALE ED EUROPEO DELL'ECONOMIA,26.575757575757574,33
[E3301M] ECONOMIA E COMMERCIO,[E3301M193] MACROECONOMIA E POLITICHE ECONOMICHE,26.239436619718308,142
[E3301M] ECONOMIA E COMMERCIO,[E3301M152] DIRITTO DEL LAVORO,26.22222222222222,45
[E3301M] ECONOMIA E COMMERCIO,"[E3301M141] ECONOMIA, ETICA ED EVOLUZIONE DELLE IDEE",26.09375,64
[E3301M] ECONOMIA E COMMERCIO,[E3301M195] FONDAMENTI DI RAGIONERIA GENERALE E APPLICATA,26.00531914893617,188
[E3301M] ECONOMIA E COMMERCIO,[E3301M135] MANAGEMENT E SISTEMA FINANZIARIO,25.96875,160
[E3301M] ECONOMIA E COMMERCIO,[E3301M155] CONTABILITA' DEGLI ENTI PUBBLICI,25.967741935483872,31
[E3301M] ECONOMIA E COMMERCIO,"[E3301M142] IMPRESE,MERCATI E POLITICHE DELLA CONCORRENZA",25.884615384615383,52
[E3301M] ECONOMIA E COMMERCIO,[E3301M149] DIRITTO PUBBLICO DELL'ECONOMIA I,25.88,50
[E3301M] ECONOMIA E COMMERCIO,[E3301M194] METODI STATISTICI E INFORMATICA GENERALE,25.82051282051282,39
[E3301M] ECONOMIA E COMMERCIO,[E3301M196] MANAGEMENT,25.45398773006135,163
[E3301M] ECONOMIA E COMMERCIO,[E3301M181] LINGUA- FRANCESE,25.26,50
[E3301M] ECONOMIA E COMMERCIO,[E3301M191] MICROECONOMIA E STORIA ECONOMICA,25.228155339805824,206
[E3301M] ECONOMIA E COMMERCIO,"[E3301M148] ECONOMIA,GESTIONE DELLE IMPRESE INDUSTRIALI E MARKETING",25.19178082191781,73
[E3301M] ECONOMIA E COMMERCIO,[E3301M182] LINGUA-SPAGNOLO,25.19047619047619,63
[E3301M] ECONOMIA E COMMERCIO,[E3301M138] ECONOMIA E TECNICA DELLA COMUNICAZIONE AZIENDALE,24.75,52
[E3301M] ECONOMIA E COMMERCIO,[E3301M097] ECONOMIA AZIENDALE,24.663716814159294,226
[E3301M] ECONOMIA E COMMERCIO,[E3301M180] LINGUA - INGLESE,24.629834254143645,181
[E3301M] ECONOMIA E COMMERCIO,[E3301M004] ISTITUZIONI DI DIRITTO PUBBLICO,24.145922746781117,233
[E3301M] ECONOMIA E COMMERCIO,[E3301M192] STATISTICA,23.965217391304346,115
[E3301M] ECONOMIA E COMMERCIO,[E3301M128] MATEMATICA GENERALE I,23.742105263157896,190
[E3301M] ECONOMIA E COMMERCIO,[E3301M159] STATISTICA PER L'AZIENDA,22.339622641509433,53
[E3301M] ECONOMIA E COMMERCIO,[E3301M131] METODI MATEMATICI,21.735632183908045,87
[E3301M] ECONOMIA E COMMERCIO,[E3301M218] ABILITÀ INFORMATICHE,,119
[E3301M] ECONOMIA E COMMERCIO,[E3301M021] ABILITÀ INFORMATICHE PREPARAZIONE TESI,,129
[E3401Q] SCIENZE E TECNOLOGIE GEOLOGICHE,[E3401Q045] LABORATORIO SIT,26.79310344827586,58
[E3401Q] SCIENZE E TECNOLOGIE GEOLOGICHE,[E3401Q043] SEDIMENTOLOGIA,26.612903225806452,62
[E3401Q] SCIENZE E TECNOLOGIE GEOLOGICHE,[E3401Q047] LABORATORIO DI GEOTECNICA,26.5,44
[E3401Q] SCIENZE E TECNOLOGIE GEOLOGICHE,[E3401Q044] CAMPAGNA GEOLOGICA,26.225806451612904,31
[E3401Q] SCIENZE E TECNOLOGIE GEOLOGICHE,[E3401Q046] GEORISORSE,26.037735849056602,53
[E3401Q] SCIENZE E TECNOLOGIE GEOLOGICHE,[E3401Q039] PRINCIPI DI GEOLOGIA,25.864406779661017,59
[E3401Q] SCIENZE E TECNOLOGIE GEOLOGICHE,[E3401Q002] FISICA,25.02857142857143,35
[E3401Q] SCIENZE E TECNOLOGIE GEOLOGICHE,[E3401Q004] CHIMICA GENERALE E INORGANICA,24.354166666666668,48
[E3401Q] SCIENZE E TECNOLOGIE GEOLOGICHE,[E3401Q006] PALEONTOLOGIA,24.229508196721312,61
[E3401Q] SCIENZE E TECNOLOGIE GEOLOGICHE,[E3401Q040] GEOGRAFIA FISICA,23.513513513513512,74
[E3401Q] SCIENZE E TECNOLOGIE GEOLOGICHE,[E3401Q042] GEOLOGIA APPLICATA,23.314285714285713,35
[E3401Q] SCIENZE E TECNOLOGIE GEOLOGICHE,[E3401Q013] MINERALOGIA,23.09433962264151,53
[E3401Q] SCIENZE E TECNOLOGIE GEOLOGICHE,[E3401Q001] MATEMATICA,22.672131147540984,61
[E3401Q] SCIENZE E TECNOLOGIE GEOLOGICHE,[E3401Q050] SEMINARI SU ARGOMENTI GEOLOGICI E APPLICATIVI,,58
[E3401Q] SCIENZE E TECNOLOGIE GEOLOGICHE,[E3401Q033] SICUREZZA SUL TERRENO,,86
[E3501Q] MATEMATICA,[E3501Q001] ANALISI MATEMATICA I,26.36111111111111,36
[E3501Q] MATEMATICA,[E3501Q024] ALGORITMI E PROGRAMMAZIONE,26.220338983050848,59
[E3501Q] MATEMATICA,[E3501Q065] FISICA I,26.11627906976744,43
[E3501Q] MATEMATICA,[E3501Q004] GEOMETRIA I,25.894736842105264,38
[E3501Q] MATEMATICA,[E3501Q051] ALGEBRA LINEARE E GEOMETRIA,25.44,50
[E3501Q] MATEMATICA,[E3501Q066] LABORATORIO DI MATEMATICA E INFORMATICA,25.379746835443036,79
[E3901N] SERVIZIO SOCIALE,"[E3901N037] INCLUSIONE SOCIALE, RETI E WELFARE",28.348484848484848,66
[E3901N] SERVIZIO SOCIALE,[E3901N023] TIROCINIO,28.048780487804876,76
[E3901N] SERVIZIO SOCIALE,[E3901N030] SOCIOLOGIA DELLA DEVIANZA,27.9375,80
[E3901N] SERVIZIO SOCIALE,[E3901N017] METODI E TECNICHE DEL SERVIZIO SOCIALE II,27.726027397260275,73
[E3901N] SERVIZIO SOCIALE,[E3901N035] POLITICA SOCIALE,27.33783783783784,74
[E3901N] SERVIZIO SOCIALE,[E3901N034] METODI E TECNICHE DEL SERVIZIO SOCIALE I,27.140625,64
[E3901N] SERVIZIO SOCIALE,[E3901N001] SOCIOLOGIA,26.506172839506174,81
[E3901N] SERVIZIO SOCIALE,[E3901N004] PSICOLOGIA SOCIALE II,26.301204819277107,83
[E3901N] SERVIZIO SOCIALE,[E3901N008] PRINCIPI E FONDAMENTI DEL SERVIZIO SOCIALE,26.175,80
[E3901N] SERVIZIO SOCIALE,[E3901N012] DIRITTO PRIVATO E DI FAMIGLIA,26.15909090909091,44
[E3901N] SERVIZIO SOCIALE,[E3901N002] METODOLOGIA DELLA RICERCA SOCIALE,26.048780487804876,82
[E3901N] SERVIZIO SOCIALE,[E3901N005] ECONOMIA POLITICA,25.988505747126435,87
[E3901N] SERVIZIO SOCIALE,[E3901N007] FILOSOFIA POLITICA,25.81159420289855,69
[E3901N] SERVIZIO SOCIALE,[E3901N018] ORGANIZZAZIONE DEI SERVIZI SOCIALI,25.54054054054054,74
[E3901N] SERVIZIO SOCIALE,[E3901N013] DIRITTO DELLA SICUREZZA SOCIALE,25.397590361445783,83
[E3901N] SERVIZIO SOCIALE,[E3901N032] PSICOLOGIA SOCIALE,25.155172413793103,58
[E3901N] SERVIZIO SOCIALE,[E3901N031] DISAGIO PSICHICO,24.931818181818183,44
[E3901N] SERVIZIO SOCIALE,[E3901N006] ANTROPOLOGIA CULTURALE,24.265060240963855,83
[E3901N] SERVIZIO SOCIALE,[E3901N010] SOCIOLOGIA DELLA FAMIGLIA,23.768115942028984,69
[E3901N] SERVIZIO SOCIALE,[E3901N028] PSICOLOGIA DELLO SVILUPPO,23.737704918032787,61
[E3901N] SERVIZIO SOCIALE,[E3901N003] ISTITUZIONI DI DIRITTO PUBBLICO,22.028985507246375,69
[E3901N] SERVIZIO SOCIALE,[E3901N022] TIROCINIO,,66
[E3901N] SERVIZIO SOCIALE,[E3901N020] TIROCINIO,,94
[E4001N] SOCIOLOGIA,[E4001N056] NUOVI SOGGETTI URBANI,27.95294117647059,85
[E4001N] SOCIOLOGIA,[E4001N069] SOCIOLOGIA DELLA POLITICA,27.43243243243243,37
[E4001N] SOCIOLOGIA,[E4001N047] SOCIOLOGIA 2,26.889830508474578,118
[E4001N] SOCIOLOGIA,[E4001N068] SOCIOLOGIA DEL LINGUAGGIO,26.6875,112
[E4001N] SOCIOLOGIA,[E4001N015] STORIA CONTEMPORANEA,25.93243243243243,74
[E4001N] SOCIOLOGIA,[E4001N055] LA COMUNICAZIONE: PRODUZIONE E CONSUMO,25.8953488372093,86
[E4001N] SOCIOLOGIA,"[E4001N067] CULTURE, DIFFERENZE, CONFLITTI",25.688741721854306,151
[E4001N] SOCIOLOGIA,[E4001N044] SOCIOLOGIA 1,25.24380165289256,242
[E4001N] SOCIOLOGIA,[E4001N054] AMBIENTE E RETI TERRITORIALI,25.235294117647058,136
[E4001N] SOCIOLOGIA,[E4001N046] METODI E TECNICHE PER LA RICERCA SOCIALE,25.13157894736842,190
[E4001N] SOCIOLOGIA,[E4001N066] FILOSOFIA DELLE SCIENZE SOCIALI E POLITICHE,25.056603773584907,106
[E4001N] SOCIOLOGIA,[E4001N051] ANTROPOLOGIA,25.035714285714285,140
[E4001N] SOCIOLOGIA,[E4001N045] MATEMATICA,24.933962264150942,106
[E4001N] SOCIOLOGIA,[E4001N053] ORGANIZZAZIONE E LAVORO,24.917355371900825,121
[E4001N] SOCIOLOGIA,[E4001N048] TECNICHE QUANTITATIVE DI ANALISI,24.666666666666668,78
[E4001N] SOCIOLOGIA,[E4001N065] ELEMENTI DI ECONOMIA,24.51851851851852,54
[E4001N] SOCIOLOGIA,[E4001N050] ISTITUZIONI DI DIRITTO PUBBLICO,24.507246376811594,69
[E4001N] SOCIOLOGIA,[E4001N058] POVERTA' E SALUTE,23.52747252747253,91
[E4001N] SOCIOLOGIA,[E4001N011] STATISTICA,22.77777777777778,54
[E4001N] SOCIOLOGIA,[E4001N009] DEMOGRAFIA,22.581920903954803,177
[E4001N] SOCIOLOGIA,[E4001N014] PSICOLOGIA SOCIALE,22.3796992481203,266
[E4101B] SCIENZE STATISTICHE ED ECONOMICHE,[E4101B026] DATA MINING,29.121951219512194,41
[E4101B] SCIENZE STATISTICHE ED ECONOMICHE,[E4102B066] DEMOGRAFIA,28.020833333333332,48
[E4101B] SCIENZE STATISTICHE ED ECONOMICHE,[E4101B040] BASI DI DATI,27.516666666666666,60
[E4101B] SCIENZE STATISTICHE ED ECONOMICHE,[E4101B018] ECONOMIA DEI MERCATI MONETARI E FINANZIARI,27.0625,96
[E4101B] SCIENZE STATISTICHE ED ECONOMICHE,[E4101B013] MACROECONOMIA,26.6,50
[E4101B] SCIENZE STATISTICHE ED ECONOMICHE,[E4101B021] ANALISI DI MERCATO,26.55263157894737,38
[E4101B] SCIENZE STATISTICHE ED ECONOMICHE,[E4101B037] ANALISI STATISTICA MULTIVARIATA,26.227272727272727,44
[E4101B] SCIENZE STATISTICHE ED ECONOMICHE,[E4101B014] STATISTICA ECONOMICA II,25.9811320754717,53
[E4101B] SCIENZE STATISTICHE ED ECONOMICHE,[E4101B003] INFORMATICA,25.93103448275862,58
[E4101B] SCIENZE STATISTICHE ED ECONOMICHE,[E4101B006] CALCOLO DELLE PROBABILITÀ,25.642857142857142,56
[E4101B] SCIENZE STATISTICHE ED ECONOMICHE,[E4101B022] STATISTICA AZIENDALE,25.582089552238806,67
[E4101B] SCIENZE STATISTICHE ED ECONOMICHE,[E4101B016] SERIE STORICHE ECONOMICHE,25.527027027027028,74
[E4101B] SCIENZE STATISTICHE ED ECONOMICHE,[E4101B038] STATISTICA II,25.333333333333332,42
[E4101B] SCIENZE STATISTICHE ED ECONOMICHE,[E4101B009] ANALISI MATEMATICA II,25.3,50
[E4101B] SCIENZE STATISTICHE ED ECONOMICHE,[E4101B007] MICROECONOMIA,24.493506493506494,77
[E4101B] SCIENZE STATISTICHE ED ECONOMICHE,[E4101B017] ECONOMETRIA,24.491666666666667,120
[E4101B] SCIENZE STATISTICHE ED ECONOMICHE,[E4101B025] ORGANIZZAZIONE DEI SISTEMI INFORMATIVI,24.28205128205128,39
[E4101B] SCIENZE STATISTICHE ED ECONOMICHE,[E4101B005] STATISTICA I,24.233644859813083,107
[E4101B] SCIENZE STATISTICHE ED ECONOMICHE,[E4101B008] STATISTICA ECONOMICA I,23.820224719101123,89
[E4101B] SCIENZE STATISTICHE ED ECONOMICHE,[E4101B023] ECONOMIA INDUSTRIALE,23.796296296296298,54
[E4101B] SCIENZE STATISTICHE ED ECONOMICHE,[E4101B020] FINANZA AZIENDALE,23.73469387755102,49
[E4101B] SCIENZE STATISTICHE ED ECONOMICHE,[E4101B002] ALGEBRA LINEARE,22.955555555555556,45
[E4101B] SCIENZE STATISTICHE ED ECONOMICHE,[E4101B001] ANALISI MATEMATICA I,22.11627906976744,86
[E4101B] SCIENZE STATISTICHE ED ECONOMICHE,[E4101B004] LABORATORIO DI INFORMATICA,,38
[E4102B] STATISTICA E GESTIONE DELLE INFORMAZIONI,[E4102B066] DEMOGRAFIA,26.694444444444443,72
[E4102B] STATISTICA E GESTIONE DELLE INFORMAZIONI,[E4102B069] BASI DI DATI,25.976744186046513,43
[E4102B] STATISTICA E GESTIONE DELLE INFORMAZIONI,[E4102B067] INFORMATICA,25.893617021276597,47
[E4102B] STATISTICA E GESTIONE DELLE INFORMAZIONI,[E4102B063] STATISTICA I - COMPLEMENTI,25.837209302325583,43
[E4102B] STATISTICA E GESTIONE DELLE INFORMAZIONI,[E4102B081] STATISTICA II,25.548387096774192,31
[E4102B] STATISTICA E GESTIONE DELLE INFORMAZIONI,[E4102B080] ANALISI STATISTICA MULTIVARIATA,25.545454545454547,33
[E4102B] STATISTICA E GESTIONE DELLE INFORMAZIONI,[E4102B064] STATISTICA SOCIALE,25.512820512820515,39
[E4102B] STATISTICA E GESTIONE DELLE INFORMAZIONI,[E4102B054] STATISTICA MEDICA,25.370967741935484,62
[E4102B] STATISTICA E GESTIONE DELLE INFORMAZIONI,[E4102B006] CALCOLO DELLE PROBABILITÀ,24.727272727272727,44
[E4102B] STATISTICA E GESTIONE DELLE INFORMAZIONI,[E4102B001] ANALISI MATEMATICA I,24.11111111111111,45
[E4102B] STATISTICA E GESTIONE DELLE INFORMAZIONI,[E4102B009] ANALISI MATEMATICA II,24.06451612903226,31
[E4102B] STATISTICA E GESTIONE DELLE INFORMAZIONI,[E4102B005] STATISTICA I,22.907692307692308,65
[E4102B] STATISTICA E GESTIONE DELLE INFORMAZIONI,[E4102B004] LABORATORIO DI INFORMATICA,,31
[F0101R] SCIENZE ANTROPOLOGICHE ED ETNOLOGICHE,[F0101R009] PEDAGOGIA E CULTURE DELL'EDUCAZIONE,29.529411764705884,34
[F0101R] SCIENZE ANTROPOLOGICHE ED ETNOLOGICHE,[F0101R012] ANTROPOLOGIA DELLA PARENTELA E DI GENERE,29.183673469387756,49
[F0101R] SCIENZE ANTROPOLOGICHE ED ETNOLOGICHE,[F0101R001] METODOLOGIA RICERCA ANTROPOLOGICA,28.18918918918919,37
[F0101R] SCIENZE ANTROPOLOGICHE ED ETNOLOGICHE,[F0101R002] MODELLI TEORICI DELL'ANTROPOLOGIA,27.710526315789473,38
[F0601Q] BIOLOGIA,[F0601Q067] EMBRIOLOGIA,29.08823529411765,34
[F0601Q] BIOLOGIA,[F0601Q049] BIOLOGIA MOLECOLARE DEGLI EUCARIOTI,28.789473684210527,38
[F0601Q] BIOLOGIA,[F0601Q056] FARMACOLOGIA DEI CHEMIOTERAPICI,28.742857142857144,35
[F0601Q] BIOLOGIA,[F0601Q054] FISIOLOGIA CELLULARE,27.441176470588236,34
[F0601Q] BIOLOGIA,[F0601Q077] BIOSTATISTICA,27.071428571428573,42
[F0601Q] BIOLOGIA,[F0601Q050] METODOLOGIE BIOCHIMICHE,25.86046511627907,43
[F0802Q] BIOTECNOLOGIE INDUSTRIALI,[F0802Q054] METODOLOGIE BIOINFORMATICHE,29.428571428571427,49
[F0802Q] BIOTECNOLOGIE INDUSTRIALI,[F0802Q038] GENETICA MOLECOLARE,29.12280701754386,57
[F0802Q] BIOTECNOLOGIE INDUSTRIALI,[F0802Q040] STRUTTURE E INTERAZIONI MOLECOLARI,28.305084745762713,59
[F0802Q] BIOTECNOLOGIE INDUSTRIALI,[F0802Q051] PROPRIETA' INTELLETTUALE,27.933333333333334,45
[F0802Q] BIOTECNOLOGIE INDUSTRIALI,[F0802Q041] CHIMICA ORGANICA APPLICATA ALLE BIOTECNOLOGIE,27.166666666666668,54
[F0901D] BIOTECNOLOGIE MEDICHE,[F0901D027] IMAGING MOLECOLARE IN VIVO,28.558823529411764,34
[F0901D] BIOTECNOLOGIE MEDICHE,[F0901D042] NANOMEDICINA,26.77777777777778,36
[F0901D] BIOTECNOLOGIE MEDICHE,[F0901D040] GENOMICA FUNZIONALE,26.5625,32
[F0901D] BIOTECNOLOGIE MEDICHE,[F0901D054] TIROCINIO DI ORIENTAMENTO,,34
[F1601M] ECONOMIA E FINANZA,[F1601M066] CULTURA STORICA GIURIDICA E LINGUISTICA INGLESE,28.161290322580644,62
[F1601M] ECONOMIA E FINANZA,[F1601M058] DIRITTO DEI MERCATI FINANZIARI,27.90909090909091,55
[F1601M] ECONOMIA E FINANZA,[F1601M052] CORPORATE FINANCE,26.97872340425532,94
[F1601M] ECONOMIA E FINANZA,[F1601M054] FINANCIAL ECONOMICS,26.97142857142857,70
[F1601M] ECONOMIA E FINANZA,[F1601M051] QUANTITATIVE FINANCE,26.905882352941177,85
[F1601M] ECONOMIA E FINANZA,[F1601M084] INVESTMENT BANKING,26.5,52
[F1601M] ECONOMIA E FINANZA,[F1601M050] ECONOMETRICS,25.919354838709676,62
[F1601M] ECONOMIA E FINANZA,[F1601M057] BANK MANAGEMENT,25.916666666666668,36
[F1601M] ECONOMIA E FINANZA,[F1601M053] STATISTICA PER LA FINANZA,24.516129032258064,31
[F1601M] ECONOMIA E FINANZA,[F1601M056] INFORMATICA PER LA FINANZA,24.21875,32
[F1601M] ECONOMIA E FINANZA,[F1601M070] ABILITA INFORMATICHE MAGISTRALE,,65
[F1601M] ECONOMIA E FINANZA,[F1601M042] ULTERIORI CONOSCENZE LINGUISTICHE PER LA FINANZA - INGLESE,,56
[F1801Q] INFORMATICA,[F1801Q128] METODI DEL CALCOLO SCIENTIFICO,29.686274509803923,51
[F1801Q] INFORMATICA,[F1801Q137] LABORATORIO DI PROGETTAZIONE,29.591836734693878,49
[F1801Q] INFORMATICA,[F1801Q115] QUALITA' DEL SOFTWARE,29.323529411764707,34
[F1801Q] INFORMATICA,[F1801Q134] APPRENDIMENTO AUTOMATICO,29.20967741935484,62
[F1801Q] INFORMATICA,[F1801Q130] ARCHITETTURE DEL SOFTWARE E DEI DATI,28.445652173913043,92
[F1801Q] INFORMATICA,[F1801Q123] SICUREZZA INFORMATICA,28,39
[F1801Q] INFORMATICA,[F1801Q127] MODELLI PROBABILISTICI PER LE DECISIONI,27.96,75
[F1801Q] INFORMATICA,[F1801Q129] SISTEMI E SERVIZI DI TELECOMUNICAZIONE,27.934782608695652,46
[F1801Q] INFORMATICA,[F1801Q132] MODELLI E COMPUTAZIONE,27.012820512820515,78
"[F4901N] TURISMO, TERRITORIO E SVILUPPO LOCALE",[F4901N073] MARKETING URBANO,28.227272727272727,44
"[F4901N] TURISMO, TERRITORIO E SVILUPPO LOCALE",[F4901N004] STORIA DELLE POLITICHE CULTURALI,27.885714285714286,35
"[F4901N] TURISMO, TERRITORIO E SVILUPPO LOCALE",[F4901N070] DEMOGRAFIA INTERNAZIONALE,27.608695652173914,46
"[F4901N] TURISMO, TERRITORIO E SVILUPPO LOCALE",[F4901N009] GEOGRAFIA,27.204545454545453,44
"[F4901N] TURISMO, TERRITORIO E SVILUPPO LOCALE",[F4901N072] ECONOMIA DELLA GOVERNANCE GLOBALE,27.102564102564102,39
"[F4901N] TURISMO, TERRITORIO E SVILUPPO LOCALE",[F4901N071] METODI QUANTITATIVI E QUALITATIVI DELLA RICERCA SOCIALE,26.46875,32
"[F5101P] PSICOLOGIA CLINICA, DELLO SVILUPPO E NEUROPSICOLOGIA",[F5101P126] PSICOBIOLOGIA DEL CICLO DI VITA,29.18095238095238,210
"[F5101P] PSICOLOGIA CLINICA, DELLO SVILUPPO E NEUROPSICOLOGIA",[F5101P138] DALLA DIAGNOSI ALLA INDICAZIONE DEL TRATTAMENTO,28.193548387096776,31
"[F5101P] PSICOLOGIA CLINICA, DELLO SVILUPPO E NEUROPSICOLOGIA",[F5101P139] PSICOLOGIA DELLA SALUTE E INTERVENTI CLINICI IN AMBITO SANITARIO,27.896551724137932,116
"[F5101P] PSICOLOGIA CLINICA, DELLO SVILUPPO E NEUROPSICOLOGIA",[F5101P121] NEUROPSICOLOGIA DELLO SVILUPPO,27.85,60
"[F5101P] PSICOLOGIA CLINICA, DELLO SVILUPPO E NEUROPSICOLOGIA",[F5101P137] NORMALITA' E PATOLOGIA NELLE RELAZIONI FAMILIARI,27.603174603174605,126
"[F5101P] PSICOLOGIA CLINICA, DELLO SVILUPPO E NEUROPSICOLOGIA",[F5101P144] LABORATORIO: NEUROSCIENZE COGNITIVE APPLICATE,,39
"[F5101P] PSICOLOGIA CLINICA, DELLO SVILUPPO E NEUROPSICOLOGIA",[F5101P132] LABORATORIO: MEDIAZIONE FAMILIARE,,55
"[F5101P] PSICOLOGIA CLINICA, DELLO SVILUPPO E NEUROPSICOLOGIA",[F5101P131] LABORATORIO: DEONTOLOGIA E RESPONSABILITA' DELLO PSICOLOGO IN AMBITO SANITARIO,,40
"[F5101P] PSICOLOGIA CLINICA, DELLO SVILUPPO E NEUROPSICOLOGIA",[F5101P130] LABORATORIO: MINDFULNESS NELLA PROMOZIONE DEL BENESSERE,,70
"[F5101P] PSICOLOGIA CLINICA, DELLO SVILUPPO E NEUROPSICOLOGIA",[F5101P129] LABORATORIO: LA VALUTAZIONE DEL FUNZIONAMENTO RELAZIONALE,,33
"[F5101P] PSICOLOGIA CLINICA, DELLO SVILUPPO E NEUROPSICOLOGIA",[F5101P109] LABORATORIO: INTERVENTI RESIDENZIALI IN COMUNITA' TERAPEUTICHE PER ADULTI E MINORI,,76
"[F5101P] PSICOLOGIA CLINICA, DELLO SVILUPPO E NEUROPSICOLOGIA",[F5101P108] LABORATORIO: INTERVISTE CLINICHE PER LA DIAGNOSI DI PERSONALITA' PATOLOGICA,,64
"[F5101P] PSICOLOGIA CLINICA, DELLO SVILUPPO E NEUROPSICOLOGIA",[F5101P039] LABORATORIO: LA VALUTAZIONE DIAGNOSTICA IN ETÀ EVOLUTIVA,,41
"[F5102P] PSICOLOGIA DEI PROCESSI SOCIALI, DECISIONALI E DEI COMPORTAMENTI ECONOMICI",[F5102P095] LA RICERCA-INTERVENTO NEI GRUPPI E NELLE ORGANIZZAZIONI,30,36
"[F5102P] PSICOLOGIA DEI PROCESSI SOCIALI, DECISIONALI E DEI COMPORTAMENTI ECONOMICI",[F5102P019] PSICOLOGIA DELLE CONDOTTE FINANZIARIE,29.20689655172414,58
"[F5102P] PSICOLOGIA DEI PROCESSI SOCIALI, DECISIONALI E DEI COMPORTAMENTI ECONOMICI",[F5102P007] PSICOSOCIOLOGIA DEI GRUPPI E DELLE ORGANIZZAZIONI,28.959183673469386,98
"[F5102P] PSICOLOGIA DEI PROCESSI SOCIALI, DECISIONALI E DEI COMPORTAMENTI ECONOMICI",[F5102P012] COMUNICAZIONE NELLE ORGANIZZAZIONE E COMUNICAZIONE SOCIALE,28.742424242424242,66
"[F5102P] PSICOLOGIA DEI PROCESSI SOCIALI, DECISIONALI E DEI COMPORTAMENTI ECONOMICI",[F5102P005] PSICOLOGIA DEL PENSIERO E DEI PROCESSI DECISIONALI: CORSO AVANZATO,28.582089552238806,67
"[F5102P] PSICOLOGIA DEI PROCESSI SOCIALI, DECISIONALI E DEI COMPORTAMENTI ECONOMICI",[F5102P001] PSICOLOGIA SOCIALE : CORSO AVANZATO,28.07843137254902,102
"[F5102P] PSICOLOGIA DEI PROCESSI SOCIALI, DECISIONALI E DEI COMPORTAMENTI ECONOMICI","[F5102P002] CONSULENZA, INTERVENTO, E SVILUPPO ORGANIZZATIVO",27.56338028169014,71
"[F5102P] PSICOLOGIA DEI PROCESSI SOCIALI, DECISIONALI E DEI COMPORTAMENTI ECONOMICI",[F5102P017] PSICOLOGIA DEI CONSUMI,27.318181818181817,44
"[F5102P] PSICOLOGIA DEI PROCESSI SOCIALI, DECISIONALI E DEI COMPORTAMENTI ECONOMICI",[F5102P003] METODOLOGIE QUALITATIVE,26.444444444444443,45
"[F5102P] PSICOLOGIA DEI PROCESSI SOCIALI, DECISIONALI E DEI COMPORTAMENTI ECONOMICI",[F5102P006] METODOLOGIE QUANTITATIVE,26.272727272727273,88
"[F5102P] PSICOLOGIA DEI PROCESSI SOCIALI, DECISIONALI E DEI COMPORTAMENTI ECONOMICI",[F5102P011] LABORATORIO DI METODOLOGIA,,94
[F5103P] PSICOLOGIA DELLO SVILUPPO E DEI PROCESSI EDUCATIVI,[F5103P073] PSICOLOGIA DELLO SVILUPPO DEL LINGUAGGIO ORALE E SCRITTO,28.83783783783784,74
[F5103P] PSICOLOGIA DELLO SVILUPPO E DEI PROCESSI EDUCATIVI,[F5103P062] ECOLOGIA DELLO SVILUPPO,28.346938775510203,49
[F5103P] PSICOLOGIA DELLO SVILUPPO E DEI PROCESSI EDUCATIVI,[F5103P005] PSICOLOGIA DELLO SVILUPPO SOCIO-AFFETTIVO,28.279411764705884,68
[F5103P] PSICOLOGIA DELLO SVILUPPO E DEI PROCESSI EDUCATIVI,[F5103P076] PEDAGOGIA GENERALE E ORGANIZZAZIONE SCOLASTICA,27.897058823529413,68
[F5103P] PSICOLOGIA DELLO SVILUPPO E DEI PROCESSI EDUCATIVI,[F5103P012] PEDAGOGIA INTERCULTURALE E DELLA COOPERAZIONE,27.805555555555557,36
[F5103P] PSICOLOGIA DELLO SVILUPPO E DEI PROCESSI EDUCATIVI,[F5103P010] FATTORI EMOTIVI E RELAZIONALI DELL'APPRENDIMENTO,27.5,56
[F5103P] PSICOLOGIA DELLO SVILUPPO E DEI PROCESSI EDUCATIVI,[F5103P006] PSICOLOGIA DELLA DISABILITÀ E DELLA INTEGRAZIONE SCOLASTICA,26.87878787878788,66
[F5103P] PSICOLOGIA DELLO SVILUPPO E DEI PROCESSI EDUCATIVI,[F5103P003] PSICOLOGIA DELLO SVILUPPO COGNITIVO,26.605263157894736,76
[F5103P] PSICOLOGIA DELLO SVILUPPO E DEI PROCESSI EDUCATIVI,[F5103P072] TECNICHE STATISTICHE PER L'ANALISI DEL CAMBIAMENTO,26.11111111111111,81
[F5103P] PSICOLOGIA DELLO SVILUPPO E DEI PROCESSI EDUCATIVI,[F5103P066] NEUROPSICOLOGIA DELLO SVILUPPO,24.907692307692308,65
[F5103P] PSICOLOGIA DELLO SVILUPPO E DEI PROCESSI EDUCATIVI,[F5103P002] METODI DI RICERCA E VALUTAZIONE IN PSICOLOGIA DELLO SVILUPPO,24.53488372093023,86
[F5103P] PSICOLOGIA DELLO SVILUPPO E DEI PROCESSI EDUCATIVI,[F5103P060] LABORATORIO DI STRUMENTI DI VALUTAZIONE DELLE COMPETENZE E DEI DISTURBI LINGUISTICI,,68
[F5103P] PSICOLOGIA DELLO SVILUPPO E DEI PROCESSI EDUCATIVI,[F5103P048] LABORATORIO DI METODI DI CONSULTAZIONE E ORIENTAMENTO NEI CONTESTI SCOLASTICI,,54
[F5103P] PSICOLOGIA DELLO SVILUPPO E DEI PROCESSI EDUCATIVI,[F5103P041] LABORATORIO DI NEUROPSICHIATRIA INFANTILE,,48
[F5104P] PSICOLOGIA CLINICA E NEUROPSICOLOGIA NEL CICLO DI VITA,[F5104P006] COMPITI EVOLUTIVI E CLINICA DELL'ADOLESCENTE E DEL GIOVANE ADULTO,29.11111111111111,90
[F5104P] PSICOLOGIA CLINICA E NEUROPSICOLOGIA NEL CICLO DI VITA,[F5104P009] FATTORI DI RISCHIO E DI PROTEZIONE NELLO SVILUPPO ATIPICO,28.682926829268293,82
[F5104P] PSICOLOGIA CLINICA E NEUROPSICOLOGIA NEL CICLO DI VITA,[F5104P008] DALLA DIAGNOSI ALLE INDICAZIONI AL TRATTAMENTO CLINICO,28.606060606060606,66
[F5104P] PSICOLOGIA CLINICA E NEUROPSICOLOGIA NEL CICLO DI VITA,[F5104P001] ANALISI MULTIVARIATA DEI DATI,27.74404761904762,168
[F5104P] PSICOLOGIA CLINICA E NEUROPSICOLOGIA NEL CICLO DI VITA,[F5104P011] METODI NEURO-FUNZIONALI IN NEUROPSICOLOGIA E PSICOLOGIA CLINICA,27.451612903225808,31
[F5104P] PSICOLOGIA CLINICA E NEUROPSICOLOGIA NEL CICLO DI VITA,[F5104P004] PSICODIAGNOSTICA CLINICA,27.226519337016576,181
[F5104P] PSICOLOGIA CLINICA E NEUROPSICOLOGIA NEL CICLO DI VITA,[F5104P013] NEUROSCIENZE COGNITIVE DEI PROCESSI SOCIALI E AFFETTIVI,27.18918918918919,37
[F5104P] PSICOLOGIA CLINICA E NEUROPSICOLOGIA NEL CICLO DI VITA,[F5104P005] PSICOLOGIA CLINICA,26.86178861788618,123
[F5104P] PSICOLOGIA CLINICA E NEUROPSICOLOGIA NEL CICLO DI VITA,[F5104P003] ORIGINI E SVILUPPO DELLA MENTE UMANA,26.343023255813954,172
[F5104P] PSICOLOGIA CLINICA E NEUROPSICOLOGIA NEL CICLO DI VITA,[F5104P002] NEUROPSICOLOGIA DELL'ADULTO E DELL'ANZIANO,25.888324873096447,197
[F5401Q] SCIENZE E TECNOLOGIE CHIMICHE,[F5401Q034] CHIMICA MACROMOLECOLARE,28.859649122807017,57
[F5701R] FORMAZIONE E SVILUPPO DELLE RISORSE UMANE,[F5701R001] EDUCAZIONE PERMANENTE E DEGLI ADULTI,29.5625,32
[F5701R] FORMAZIONE E SVILUPPO DELLE RISORSE UMANE,[F5701R020] STORIA DELLE ISTITUZIONI POL. SOCIALI I,29.32758620689655,58
[F5701R] FORMAZIONE E SVILUPPO DELLE RISORSE UMANE,[F5701R004] SOCIOLOGIA DELL'INNOVAZIONE DI IMPRESA,29.168316831683168,101
[F5701R] FORMAZIONE E SVILUPPO DELLE RISORSE UMANE,[F5701R011] TEORIE E MODELLI DELLA CONSULENZA PEDAG.,28.7,110
[F5701R] FORMAZIONE E SVILUPPO DELLE RISORSE UMANE,[F5701R003] TECNOLOGIE DELLA FORMAZIONE,28.691358024691358,81
[F5701R] FORMAZIONE E SVILUPPO DELLE RISORSE UMANE,[F5701R010] SISTEMI INFORMATIVI PER LA GESTIONE DELLA CONOSCENZA,28.490909090909092,110
[F5701R] FORMAZIONE E SVILUPPO DELLE RISORSE UMANE,[F5701R019] PEDAGOGIA INTERCULTURALE E DELLA COOP.,28.32,75
[F5701R] FORMAZIONE E SVILUPPO DELLE RISORSE UMANE,[F5701R023] PSICOLOGIA DELLE ORGANIZZAZIONI E DELLA COMUNICAZIONE,27.98,100
[F5701R] FORMAZIONE E SVILUPPO DELLE RISORSE UMANE,[F5701R009] CAMBIAMENTO ORGANIZZATIVO,26.826923076923077,104
[F5701R] FORMAZIONE E SVILUPPO DELLE RISORSE UMANE,[F5701R002] METODOLOGIA DELLA FORMAZIONE,26.69090909090909,110
[F5701R] FORMAZIONE E SVILUPPO DELLE RISORSE UMANE,[F5701R030] ORGANIZZAZIONE DELL'AZIENDA INTERNAZIONALE,26.39047619047619,105
[F5701R] FORMAZIONE E SVILUPPO DELLE RISORSE UMANE,[F5701R006] ORGANIZZAZIONE E GESTIONE DELLE RISORSE UMANE,26.058823529411764,119
[F5701R] FORMAZIONE E SVILUPPO DELLE RISORSE UMANE,[F5701R005] ORGANIZZAZIONE AZIENDALE AVANZATO,25.558823529411764,102
[F5701R] FORMAZIONE E SVILUPPO DELLE RISORSE UMANE,[F5701R024] LABORATORIO DI LINGUA STRANIERA,,114
[F6302N] MANAGEMENT E DESIGN DEI SERVIZI,[F6302N023] LE POLITICHE PER LA SALUTE,29.384615384615383,39
[F6302N] MANAGEMENT E DESIGN DEI SERVIZI,[F6302N005] STRATEGIE PER LA CREAZIONE DI VALORE,28.223880597014926,67
[F6302N] MANAGEMENT E DESIGN DEI SERVIZI,[F6302N015] METODOLOGIE PER LA COSTRUZIONE DI SCENARI SOCIALI,28,40
[F6302N] MANAGEMENT E DESIGN DEI SERVIZI,[F6302N002] CAPITALE SOCIALE E SISTEMI SOCIOECONOMICI LOCALI,27.943181818181817,88
[F6302N] MANAGEMENT E DESIGN DEI SERVIZI,[F6302N017] MANAGEMENT E SCELTE STRATEGICHE,27.734939759036145,83
[F6302N] MANAGEMENT E DESIGN DEI SERVIZI,[F6302N008] DIRITTO DELLE SOCIETÀ E DEI SERVIZI,27.571428571428573,70
[F6302N] MANAGEMENT E DESIGN DEI SERVIZI,[F6302N010] MANAGEMENT E IMPRENDITORIALITÀ SOCIALE,27.403508771929825,57
[F6302N] MANAGEMENT E DESIGN DEI SERVIZI,[F6302N006] ECONOMIA PUBBLICA E DEI SERVIZI,26.848484848484848,66
[F6302N] MANAGEMENT E DESIGN DEI SERVIZI,[F6302N016] MANAGEMENT DELLE INFORMAZIONI E VALUTAZIONE DEI SERVIZI,26.671232876712327,73
[F6302N] MANAGEMENT E DESIGN DEI SERVIZI,[F6302N009] CAPITALE UMANO E SVILUPPO AZIENDALE,26.43103448275862,58
[F6302N] MANAGEMENT E DESIGN DEI SERVIZI,[F6302N001] CAMBIAMENTO ORGANIZZATIVO,26.375,80
[F6302N] MANAGEMENT E DESIGN DEI SERVIZI,[F6302N022] DIRITTO DEI CONSUMATORI,24.362068965517242,58
[F7401Q] SCIENZE E TECNOLOGIE GEOLOGICHE,[F7401Q056] STATISTICA,28.625,32
[F7501Q] SCIENZE E TECNOLOGIE PER L'AMBIENTE E IL TERRITORIO,[F7501Q087] MICROBIOLOGIA AMBIENTALE,28.1875,32
[F7501Q] SCIENZE E TECNOLOGIE PER L'AMBIENTE E IL TERRITORIO,[F7501Q020] TOSSICOLOGIA AMBIENTALE,28.057692307692307,52
[F7501Q] SCIENZE E TECNOLOGIE PER L'AMBIENTE E IL TERRITORIO,[F7501Q036] CHIMICA AMBIENTALE,27.675675675675677,37
[F7501Q] SCIENZE E TECNOLOGIE PER L'AMBIENTE E IL TERRITORIO,[F7501Q037] DIRITTO AMBIENTALE,26.842105263157894,57
[F7601M] ECONOMIA DEL TURISMO,[F7601M005] MARKETING E COMUNICAZIONE DEL TURISMO,29.448979591836736,49
[F7601M] ECONOMIA DEL TURISMO,[F7601M061] ORGANIZZAZIONE E CONTROLLO DELLE AZIENDE,28.114285714285714,35
[F7601M] ECONOMIA DEL TURISMO,[F7601M057] LINGUA INGLESE PER SCIENZE TURISTICHE,27.470588235294116,34
[F7601M] ECONOMIA DEL TURISMO,[F7601M060] DIRITTO DEL TURISMO PROGREDITO,27.22222222222222,45
[F7601M] ECONOMIA DEL TURISMO,[F7601M012] STORIA ECONOMICA DEL TURISMO,26.54,50
[F7601M] ECONOMIA DEL TURISMO,[F7601M011] GEOGRAFIA DEL TURISMO,26.333333333333332,48
[F7601M] ECONOMIA DEL TURISMO,[F7601M007] METODI STATISTICI PER IL TURISMO II,26.216216216216218,37
[F7601M] ECONOMIA DEL TURISMO,[F7601M052] PROGRAMMAZIONE ECONOMICO-TERRITORIALE E POLITICHE DEL TURISMO,26,34
[F7601M] ECONOMIA DEL TURISMO,[F7601M050] DIRITTO DELL'AMBIENTE E DEI BENI CULTURALI,25.176470588235293,34
[F7601M] ECONOMIA DEL TURISMO,[F7601M076] ALTRE CONOSCENZE TURISTICHE UTILI PER L'INSERIMENTO NEL MONDO DEL LAVORO,,35
[F7701M] SCIENZE ECONOMICO-AZIENDALI,[F7701M105] L'ATTIVITA' DEI CONTROLLI LEGALI,29.432692307692307,104
[F7701M] SCIENZE ECONOMICO-AZIENDALI,[F7701M101] ANALISI STRATEGICA E VALUTAZIONE FINANZIARIA D'AZIENDA,28.9811320754717,106
[F7701M] SCIENZE ECONOMICO-AZIENDALI,[F7701M094] MARKETING MANAGEMENT,28.88,50
[F7701M] SCIENZE ECONOMICO-AZIENDALI,[F7701M044] DIRITTO DEL LAVORO AVANZATO,28.675675675675677,37
[F7701M] SCIENZE ECONOMICO-AZIENDALI,[F7701M095] SISTEMI DI CONTROLLO NELLE AZIENDE PRIVATE E PUBBLICHE,28.666666666666668,33
[F7701M] SCIENZE ECONOMICO-AZIENDALI,[F7701M096] GOVERNANCE & COMPLIANCE,28.61111111111111,72
[F7701M] SCIENZE ECONOMICO-AZIENDALI,[F7701M027] DIRITTO INDUSTRIALE PER IL MANAGEMENT,28.452380952380953,42
[F7701M] SCIENZE ECONOMICO-AZIENDALI,[F7701M097] GLOBAL MANAGEMENT,28.372549019607842,51
[F7701M] SCIENZE ECONOMICO-AZIENDALI,[F7701M098] SALES AND TRADE MARKETING,28.21311475409836,122
[F7701M] SCIENZE ECONOMICO-AZIENDALI,[F7701M054] DIRITTO PENALE TRIBUTARIO,28.16304347826087,92
[F7701M] SCIENZE ECONOMICO-AZIENDALI,[F7701M076] COMMUNICATION MANAGEMENT,27.827338129496404,139
[F7701M] SCIENZE ECONOMICO-AZIENDALI,[F7701M092] METODI QUANTITATIVI PER L'AUDITING E IL CONTROLLO,27.820224719101123,89
[F7701M] SCIENZE ECONOMICO-AZIENDALI,[F7701M077] DIRITTO PENALE DELL'ECONOMIA,27.652173913043477,92
[F7701M] SCIENZE ECONOMICO-AZIENDALI,[F7701M102] ECONOMIA INDUSTRIALE E DELLA CONCORRENZA E STORIA DELL'IMPRESA,27.12857142857143,140
[F7701M] SCIENZE ECONOMICO-AZIENDALI,[F7701M052] DIRITTO FALLIMENTARE,26.504950495049506,101
[F7701M] SCIENZE ECONOMICO-AZIENDALI,[F7701M080] BILANCI DELLE SOCIETA' E DEI GRUPPI,26.21167883211679,137
[F7701M] SCIENZE ECONOMICO-AZIENDALI,[F7701M093] METODI QUANTITATIVI PER IL MANAGEMENT,25.564102564102566,39
[F7701M] SCIENZE ECONOMICO-AZIENDALI,[F7701M082] ELEMENTI DI PROGRAMMAZIONE,25.14666666666667,150
[F7701M] SCIENZE ECONOMICO-AZIENDALI,[F7701M070] ULTERIORI CONOSCENZE LINGUISTICHE PER LE SCIENZE ECONOMICO AZIENDALI I - INGLESE,,140
[F7701M] SCIENZE ECONOMICO-AZIENDALI,[F7701M002] ABILITÀ INFORMATICHE MAGISTRALE,,160
[F7702M] MARKETING E MERCATI GLOBALI,[F7702M046] DIRITTO DELLE COMUNICAZIONI,28.52252252252252,111
[F7702M] MARKETING E MERCATI GLOBALI,[F7702M059] PRICE MANAGEMENT,28.353448275862068,116
[F7702M] MARKETING E MERCATI GLOBALI,[F7702M006] RICERCHE DI MARKETING S,28.08108108108108,111
[F7702M] MARKETING E MERCATI GLOBALI,[F7702M056] ADVANCED COMPETITIVE MANAGEMENT,27.67479674796748,123
[F7702M] MARKETING E MERCATI GLOBALI,[F7702M055] GLOBAL MARKETING MANAGEMENT,27.658730158730158,126
[F7702M] MARKETING E MERCATI GLOBALI,[F7702M047] DIRITTO COMMERCIALE COMUNITARIO,27.325,40
[F7702M] MARKETING E MERCATI GLOBALI,[F7702M048] ANALISI QUANTITATIVE D'IMPRESA PER I MERCATI GLOBALI,27.029411764705884,68
[F7702M] MARKETING E MERCATI GLOBALI,[F7702M058] GLOBAL CORPORATE FINANCE,26.973214285714285,112
[F7702M] MARKETING E MERCATI GLOBALI,[F5102P017] PSICOLOGIA DEI CONSUMI,26.551020408163264,49
[F7702M] MARKETING E MERCATI GLOBALI,[F7702M043] STORIA DELL'IMPRESA,25.82857142857143,105
[F7702M] MARKETING E MERCATI GLOBALI,[F7702M042] METODI E STRUMENTI PER LE INDAGINI DI MARKETING,25.594202898550726,69
[F7702M] MARKETING E MERCATI GLOBALI,[F7702M044] INDUSTRIAL ECONOMICS,25.34375,96
[F7702M] MARKETING E MERCATI GLOBALI,[F7702M057] GLOBAL ACCOUNTING,21.697674418604652,86
[F7702M] MARKETING E MERCATI GLOBALI,[F7702M023] ULTERIORI CONOSCENZE LINGUISTICHE PER IL MARKETING - INGLESE,,74
[F7702M] MARKETING E MERCATI GLOBALI,[F7702M017] ALTRE CONOSCENZE DI MARKETING E COMUNICAZIONE PER IL MONDO DEL LAVORO,,121
[F7702M] MARKETING E MERCATI GLOBALI,[F7702M002] ABILITÀ INFORMATICHE MAGISTRALE,,94
[F8203B] BIOSTATISTICA,[F8203B031] ELEMENTI DI MEDICINA PER LA RICERCA CLINICA,29.636363636363637,33
[F8204B] SCIENZE STATISTICHE ED ECONOMICHE,[F8204B017] PROCESSI STOCASTICI M,28.78846153846154,52
[F8204B] SCIENZE STATISTICHE ED ECONOMICHE,[F8204B026] ECONOMIA DELLE ASSICURAZIONI M,28.424242424242426,33
[F8204B] SCIENZE STATISTICHE ED ECONOMICHE,[F8204B011] ECONOMIA APPLICATA M,27.829787234042552,47
[F8204B] SCIENZE STATISTICHE ED ECONOMICHE,[F8204B003] STATISTICA ECONOMICA M,27.529411764705884,34
[F8204B] SCIENZE STATISTICHE ED ECONOMICHE,[F8204B001] ANALISI DELLE SERIE ECONOMICHE TEMPORALI E LONGITUDINALI M,26.333333333333332,39
[F8204B] SCIENZE STATISTICHE ED ECONOMICHE,[F8204B004] PROBABILITA' E STATISTICA COMPUTAZIONALE M,25.816326530612244,49
[F8501R] SCIENZE PEDAGOGICHE,[F8501R002] ERMENEUTICA DELLA FORMAZIONE E PRATICHE IMMAGINALI,29.346938775510203,49
[F8501R] SCIENZE PEDAGOGICHE,[F8501R035] ETICA DELLA RELAZIONE: TEORIE E PRATICHE,28.81578947368421,38
[F8501R] SCIENZE PEDAGOGICHE,[F8501R055] CONSULENZA CLINICA NELLA FORMAZIONE: TEORIE E PRATICHE CON LABORATORIO,28.544444444444444,90
[F8501R] SCIENZE PEDAGOGICHE,[F8501R016] TEORIE E PRATICHE DELLA COMUNICAZIONE EDUCATIVA,28.419354838709676,31
[F8501R] SCIENZE PEDAGOGICHE,[F8501R009] PRATICHE FILOSOFICHE,27.954887218045112,133
[F8501R] SCIENZE PEDAGOGICHE,[F8501R010] PEDAGOGIA DELLA DEVIANZA E DELLA MARGINALITÀ,27.886363636363637,44
[F8501R] SCIENZE PEDAGOGICHE,[F8501R011] CONSULENZA NEL DISAGIO EDUCATIVO: TEORIE E PRATICHE,27.84536082474227,97
[F8501R] SCIENZE PEDAGOGICHE,[F8501R001] FONDAMENTI DELLA CONSULENZA PEDAGOGICA,27.705479452054796,146
[F8501R] SCIENZE PEDAGOGICHE,[F8501R005] CONSULENZA FAMILIARE: TEORIE E PRATICHE,27.698795180722893,166
[F8501R] SCIENZE PEDAGOGICHE,[F8501R057] PSICOLOGIA CLINICA II,27.652173913043477,46
[F8501R] SCIENZE PEDAGOGICHE,[F8501R021] PEDAGOGIA DELL'INTEGRAZIONE,27.457142857142856,70
[F8501R] SCIENZE PEDAGOGICHE,[F8501R003] TEORIE E PRATICHE DELLA NARRAZIONE,27.441176470588236,68
[F8501R] SCIENZE PEDAGOGICHE,[F8501R058] PROGETTAZIONE E VALUTAZIONE DEI SERVIZI E DEGLI INTERVENTI EDUCATIVI CON LABORATORIO,27.333333333333332,99
[F8501R] SCIENZE PEDAGOGICHE,[F8501R015] ORGANIZZAZIONE E COORD DEI SERVIZI EDUCATIVI,27.11320754716981,53
[F8501R] SCIENZE PEDAGOGICHE,[F8501R056] METODOLOGIA DELLA RICERCA PEDAGOGICA II CON LABORATORIO,26.746376811594203,138
[F8501R] SCIENZE PEDAGOGICHE,[F8501R008] POLITICHE SOCIALI II,26.568,125
[F8501R] SCIENZE PEDAGOGICHE,[F8501R033] TIROCINI FORMATIVI E DI ORIENTAMENTO,,162
[F8701N] PROGRAMMAZIONE E GESTIONE DELLE POLITICHE E  DEI SERVIZI SOCIALI,[F8701N039] PIANIFICAZIONE E GESTIONE DEI PROGETTI,29.91111111111111,45
[F8701N] PROGRAMMAZIONE E GESTIONE DELLE POLITICHE E  DEI SERVIZI SOCIALI,"[F8701N002] PLURALISMO GIURIDICO, PLURALISMO CULTURALE",29.69811320754717,53
[F8701N] PROGRAMMAZIONE E GESTIONE DELLE POLITICHE E  DEI SERVIZI SOCIALI,[F8701N014] SERVIZIO SOCIALE IN EUROPA,29.076923076923077,39
[F8701N] PROGRAMMAZIONE E GESTIONE DELLE POLITICHE E  DEI SERVIZI SOCIALI,[F8701N010] LA POLITICA E LE POLITICHE,28.94736842105263,38
[F8701N] PROGRAMMAZIONE E GESTIONE DELLE POLITICHE E  DEI SERVIZI SOCIALI,[F8701N045] LE POLITICHE PER LA SALUTE GLOBALE,28.377777777777776,45
[F8701N] PROGRAMMAZIONE E GESTIONE DELLE POLITICHE E  DEI SERVIZI SOCIALI,[F8701N006] COOPERAZIONE E TUTELA DEI DIRITTI UMANI,27.454545454545453,33
[F8701N] PROGRAMMAZIONE E GESTIONE DELLE POLITICHE E  DEI SERVIZI SOCIALI,[F8701N008] DIRITTO DEGLI STRANIERI,25.735294117647058,34
[F8701N] PROGRAMMAZIONE E GESTIONE DELLE POLITICHE E  DEI SERVIZI SOCIALI,[F8701N001] WELFARE,25.51219512195122,41
[F8701N] PROGRAMMAZIONE E GESTIONE DELLE POLITICHE E  DEI SERVIZI SOCIALI,[F8701N036] GLOBALIZZAZIONE E SVILUPPO LOCALE,,41
[F8801N] SOCIOLOGIA,[F8801N037] CORSI DI VITA E SCELTE COLLETTIVE,25.875,32
[F9201P] TEORIA E TECNOLOGIA DELLA COMUNICAZIONE,[F9201P201] ELEMENTI DI INFORMATICA,28.676470588235293,34
[F9201P] TEORIA E TECNOLOGIA DELLA COMUNICAZIONE,[F9201P203] WEB MARKETING,27.75,32
[F9201P] TEORIA E TECNOLOGIA DELLA COMUNICAZIONE,[F9201P025] STRUMENTI E APPLICAZIONI DEL WEB,27.477272727272727,44
[F9201P] TEORIA E TECNOLOGIA DELLA COMUNICAZIONE,[F9201P100] COGNIZIONE E LINGUAGGIO,27.342105263157894,38
[F9201P] TEORIA E TECNOLOGIA DELLA COMUNICAZIONE,"[F9201P008] DIRITTO DELL'INFORMAZIONE, DELLA COMUNICAZIONE E DELL'INFORMATICA",25.74418604651163,43
[F9201P] TEORIA E TECNOLOGIA DELLA COMUNICAZIONE,[F9201P004] COMUNICAZIONE VISIVA E DESIGN DELLE INTERFACCE,24.06122448979592,49
[F9201P] TEORIA E TECNOLOGIA DELLA COMUNICAZIONE,[F9201P011] LABORATORIO DI COMUNICAZIONE VISIVA,,43
[G8501R] SCIENZE DELLA FORMAZIONE PRIMARIA,[G8501R038] LETTERATURA PER L'INFANZIA CON LABORATORIO E AMBIENTI DIGITALI PER LA FORMAZIONE,29.08421052631579,190
[G8501R] SCIENZE DELLA FORMAZIONE PRIMARIA,[G8501R028] MUSICA E DIDATTICA DELLA MUSICA CON LABORATORIO,28.95813953488372,215
[G8501R] SCIENZE DELLA FORMAZIONE PRIMARIA,[G8501R013] PEDAGOGIA DEL CORPO CON LABORATORIO,28.854477611940297,268
[G8501R] SCIENZE DELLA FORMAZIONE PRIMARIA,[G8501R019] TECNOLOGIE PER LA DIDATTICA,28.790697674418606,258
[G8501R] SCIENZE DELLA FORMAZIONE PRIMARIA,[G8501R021] EDUCAZIONE ALL'IMMAGINE CON LABORATORIO,28.50381679389313,262
[G8501R] SCIENZE DELLA FORMAZIONE PRIMARIA,[G8501R003] PSICOLOGIA DELLO SVILUPPO CON LABORATORIO,28.333333333333332,264
[G8501R] SCIENZE DELLA FORMAZIONE PRIMARIA,[G8501R030] PSICOPATOLOGIA DELLO SVILUPPO,28.145985401459853,274
[G8501R] SCIENZE DELLA FORMAZIONE PRIMARIA,[G8501R005] STORIA E DIDATTICA DELLA STORIA 1,27.831632653061224,196
[G8501R] SCIENZE DELLA FORMAZIONE PRIMARIA,[G8501R040] PEDAGOGIA SPECIALE CON LABORATORI,27.57766990291262,206
[G8501R] SCIENZE DELLA FORMAZIONE PRIMARIA,[G8501R010] DIDATTICA GENERALE CON LABORATORIO,27.573705179282868,251
[G8501R] SCIENZE DELLA FORMAZIONE PRIMARIA,[G8501R039] MEDIAZIONE DIDATTICA E STRATEGIE DI GRUPPO CON LABORATORIO E LEGISLAZIONE SCOLASTICA,27.50936329588015,267
[G8501R] SCIENZE DELLA FORMAZIONE PRIMARIA,[G8501R024] PEDAGOGIA INTERCULTURALE,27.424836601307188,153
[G8501R] SCIENZE DELLA FORMAZIONE PRIMARIA,[G8501R014] GEOGRAFIA E DIDATTICA DELLA GEOGRAFIA CON LABORATORIO,27.266666666666666,315
[G8501R] SCIENZE DELLA FORMAZIONE PRIMARIA,[G8501R027] STORIA E DIDATTICA DELLA STORIA 2,27.13061224489796,245
[G8501R] SCIENZE DELLA FORMAZIONE PRIMARIA,[G8501R037] DIDATTICA DELLA LETTERATURA E DIDATTICA DELLA LINGUA ITALIANA COME L2 CON LABORATORIO,27.08467741935484,248
[G8501R] SCIENZE DELLA FORMAZIONE PRIMARIA,[G8501R011] LETTERATURA ITALIANA CON LABORATORIO,26.85608856088561,271
[G8501R] SCIENZE DELLA FORMAZIONE PRIMARIA,[G8501R041] DIDATTICA DELLA LETTURA E DELLA SCRITTURA CON LABORATORI E METODOLOGIA DELLA RICERCA PEDAGOGICA,26.69090909090909,275
[G8501R] SCIENZE DELLA FORMAZIONE PRIMARIA,[G8501R001] PEDAGOGIA GENERALE CON LABORATORIO,26.45045045045045,222
[G8501R] SCIENZE DELLA FORMAZIONE PRIMARIA,[G8501R029] PSICOLOGIA DELLE DISABILITA' E DELL'INTEGRAZIONE,26.378486055776893,251
[G8501R] SCIENZE DELLA FORMAZIONE PRIMARIA,[G8501R016] PROGETTAZIONE DIDATTICA E VALUTAZIONE CON LABORATORIO,26.027972027972027,286
[G8501R] SCIENZE DELLA FORMAZIONE PRIMARIA,[G8501R009] SOCIOLOGIA DELL'EDUCAZIONE,25.71698113207547,265
[G8501R] SCIENZE DELLA FORMAZIONE PRIMARIA,[G8501R017] FISICA E DIDATTICA DELLA FISICA CON LABORATORIO,25.59514170040486,247
[G8501R] SCIENZE DELLA FORMAZIONE PRIMARIA,[G8501R002] STORIA DELLA PEDAGOGIA E DELLE ISTITUZIONI EDUCATIVE,25.477707006369428,314
[G8501R] SCIENZE DELLA FORMAZIONE PRIMARIA,[G8501R036] CHIMICA E DIDATTICA DELLA BIOLOGIA,25.17801047120419,191
[G8501R] SCIENZE DELLA FORMAZIONE PRIMARIA,[G8501R018] BIOLOGIA: FONDAMENTI E DIDATTICA CON LABORATORIO,25.142857142857142,266
[G8501R] SCIENZE DELLA FORMAZIONE PRIMARIA,[G8501R023] DIDATTICA DELLA MATEMATICA CON LABORATORIO,24.632911392405063,158
[G8501R] SCIENZE DELLA FORMAZIONE PRIMARIA,[G8501R012] ISTITUZIONI E DIDATTICA DELLA MATEMATICA CON LABORATORIO,24.503225806451614,155
[G8501R] SCIENZE DELLA FORMAZIONE PRIMARIA,[G8501R004] LINGUISTICA ITALIANA,23.93010752688172,186
[G8501R] SCIENZE DELLA FORMAZIONE PRIMARIA,[G8501R006] ISTITUZIONI DI MATEMATICHE,23.08664259927798,277
[G8501R] SCIENZE DELLA FORMAZIONE PRIMARIA,[G8501R035] ATTIVITA' DI TIROCINIO DEL V ANNO,,245
[G8501R] SCIENZE DELLA FORMAZIONE PRIMARIA,[G8501R034] ATTIVITA' DI TIROCINIO DEL IV ANNO,,291
[G8501R] SCIENZE DELLA FORMAZIONE PRIMARIA,[G8501R033] ATTIVITA' DI TIROCINIO DEL III ANNO,,314
[G8501R] SCIENZE DELLA FORMAZIONE PRIMARIA,[G8501R032] ATTIVITA' DI TIROCINIO DEL II ANNO,,326
[G8501R] SCIENZE DELLA FORMAZIONE PRIMARIA,[G8501R031] LABORATORIO DI LINGUA INGLESE V,,268
[G8501R] SCIENZE DELLA FORMAZIONE PRIMARIA,[G8501R026] PROVA IDONEITA' DI LINGUA INGLESE DI LIVELLO B2,,436
[G8501R] SCIENZE DELLA FORMAZIONE PRIMARIA,[G8501R025] LABORATORIO DI LINGUA INGLESE IV,,296
[G8501R] SCIENZE DELLA FORMAZIONE PRIMARIA,[G8501R022] LABORATORIO DI LINGUA INGLESE III,,317
[G8501R] SCIENZE DELLA FORMAZIONE PRIMARIA,[G8501R020] LABORATORIO DI TECNOLOGIE DIDATTICHE,,289
[G8501R] SCIENZE DELLA FORMAZIONE PRIMARIA,[G8501R015] LABORATORIO DI LINGUA INGLESE II,,320
[G8501R] SCIENZE DELLA FORMAZIONE PRIMARIA,[G8501R008] LABORATORIO DI LINGUA INGLESE I,,262
[H4101D] MEDICINA E CHIRURGIA,[H4101D026] PSICHIATRIA E PSICOLOGIA CLINICA,29.39316239316239,117
[H4101D] MEDICINA E CHIRURGIA,[H4101D030] OSTETRICIA E GINECOLOGIA,29.376237623762375,101
[H4101D] MEDICINA E CHIRURGIA,[H4101D028] CLINICA ORTOPEDICA E TRAUMATOLOGICA,29.28828828828829,111
[H4101D] MEDICINA E CHIRURGIA,[H4101D037] PEDIATRIA,29.127450980392158,102
[H4101D] MEDICINA E CHIRURGIA,[H4101D025] MALATTIE DEL SISTEMA NERVOSO,28.847619047619048,105
[H4101D] MEDICINA E CHIRURGIA,[H4101D034] URGENZE ED EMERGENZE MEDICO CHIRURGICHE,28.844827586206897,116
[H4101D] MEDICINA E CHIRURGIA,[H4101D027] SPECIALITA' MEDICO CHIRURGICHE,28.61111111111111,72
[H4101D] MEDICINA E CHIRURGIA,[H4101D013] SEMEIOTICA E SISTEMATICA 1,28.576271186440678,118
[H4101D] MEDICINA E CHIRURGIA,[H4101D035] CLINICA MEDICA,28.54700854700855,117
[H4101D] MEDICINA E CHIRURGIA,[H4101D014] SEMEIOTICA E SISTEMATICA 2,28.487179487179485,117
[H4101D] MEDICINA E CHIRURGIA,[H4101D018] SEMEIOTICA E SISTEMATICA 3,28.442477876106196,113
[H4101D] MEDICINA E CHIRURGIA,[H4101D033] CLINICA CHIRURGICA,28.42016806722689,119
[H4101D] MEDICINA E CHIRURGIA,[H4101D029] CLINICA DERMATOLOGICA,28.346938775510203,98
[H4101D] MEDICINA E CHIRURGIA,[H4101D019] STATISTICA MEDICA,28.31782945736434,129
[H4101D] MEDICINA E CHIRURGIA,[H4101D020] DIAGNOSTICA PER IMMAGINI E RADIOTERAPIA,28.18421052631579,114
[H4101D] MEDICINA E CHIRURGIA,[H4101D031] MEDICINA LEGALE,28.150943396226417,106
[H4101D] MEDICINA E CHIRURGIA,[H4101D004] BIOLOGIA E GENETICA,27.965217391304346,115
[H4101D] MEDICINA E CHIRURGIA,[H4101D039] DIAGNOSTICA DI LABORATORIO,27.622222222222224,135
[H4101D] MEDICINA E CHIRURGIA,[H4101D006] CHIMICA BIOLOGICA E BIOLOGIA MOLECOLARE,27.544776119402986,134
[H4101D] MEDICINA E CHIRURGIA,[H4101D254] MEDICINA E SOCIETA',27.393939393939394,132
[H4101D] MEDICINA E CHIRURGIA,[H4101D002] ANATOMIA E ISTOLOGIA UMANA,27.353846153846153,130
[H4101D] MEDICINA E CHIRURGIA,[H4101D038] PATOLOGIA GENERALE E IMMUNOLOGIA,27.278195488721803,133
[H4101D] MEDICINA E CHIRURGIA,[H4101D040] FARMACOLOGIA,27.224137931034484,116
[H4101D] MEDICINA E CHIRURGIA,[H4101D022] ANATOMIA PATOLOGICA,27.15126050420168,119
[H4101D] MEDICINA E CHIRURGIA,[H4101D256] MICROBIOLOGIA MEDICA,26.827868852459016,122
[H4101D] MEDICINA E CHIRURGIA,[H4101D253] FISIOLOGIA UMANA,26.805309734513273,113
[H4101D] MEDICINA E CHIRURGIA,"[H4101D021] SANITA' PUBBLICA, IGIENE E MEDICINA DEL LAVORO",26.775510204081634,98
[H4101D] MEDICINA E CHIRURGIA,[H4101D252] SCIENZE PROPEDEUTICHE,26.209302325581394,129
[H4101D] MEDICINA E CHIRURGIA,[H4101D296] DIPENDENZE PATOLOGICHE DA SOSTANZE E NON,,32
[H4101D] MEDICINA E CHIRURGIA,"[H4101D281] LE EMERGENZE INFETTIVIVOLOGICHE: INQUADRAMENTO, GESTIONE CLINICA ED APPROCCIO TERAPEUTICO",,31
[H4101D] MEDICINA E CHIRURGIA,[H4101D280] LA PROFESSIONE MEDICA: DIRITTI DOVERI E PROSPETTIVE PER IL GIOVANE MEDICO,,42
[H4101D] MEDICINA E CHIRURGIA,"[H4101D273] ALIMENTAZIONE E SALUTE, CIBO E CERVELLO",,34
[H4101D] MEDICINA E CHIRURGIA,[H4101D243] UN CERVELLO BIZZARRO: STORIA E NEUROLOGIA DEI TIC,,37
[H4101D] MEDICINA E CHIRURGIA,[H4101D205] TIROCINIO PROFESSIONALIZZANTE AREA CHIRURGICA 2,,135
[H4101D] MEDICINA E CHIRURGIA,[H4101D204] TIROCINIO PROFESSIONALIZZANTE AREA MEDICA 2,,135
[H4101D] MEDICINA E CHIRURGIA,[H4101D203] TIROCINIO PROFESSIONALIZZANTE AREA MEDICA 1,,142
[H4101D] MEDICINA E CHIRURGIA,[H4101D096] ANTIBIOTICOTERAPIA: UN APPROCCIO SCIENTIFICO RAGIONATO,,31
[H4101D] MEDICINA E CHIRURGIA,[H4101D067] COSCIENZA E SOGNO,,48
[H4101D] MEDICINA E CHIRURGIA,[H4101D057] PROMOZIONE DELLA SALUTE INFANTILE NEI PAESI IN VIA DI SVILUPPO,,33
[H4101D] MEDICINA E CHIRURGIA,[H4101D056] ONCOLOGIA DIGESTIVA,,57
[H4101D] MEDICINA E CHIRURGIA,[H4101D041] INTERNATO DI LAUREA,,113
[H4101D] MEDICINA E CHIRURGIA,[H4101D015] TIROCINIO PROFESSIONALIZZANTE AREA CHIRURGICA 1,,142
[H4101D] MEDICINA E CHIRURGIA,[H4101D011] SEMEIOTICA SU MANICHINI,,135
[H4101D] MEDICINA E CHIRURGIA,[H4101D005] INGLESE DI BASE A LIVELLO B2,,70
[H4101D] MEDICINA E CHIRURGIA,[H4101D003] INFORMATICA DI BASE,,117
[I0101D] INFERMIERISTICA (ABILITANTE ALLA PROFESSIONE SANITARIA DI INFERMIERE),[I0101D904] TIROCINIO 3,28.26865671641791,201
[I0101D] INFERMIERISTICA (ABILITANTE ALLA PROFESSIONE SANITARIA DI INFERMIERE),[I0101D011] ASSISTENZA INFERMIERISTICA IN MEDICINA SPECIALISTICA,27.42168674698795,83
[I0101D] INFERMIERISTICA (ABILITANTE ALLA PROFESSIONE SANITARIA DI INFERMIERE),[I0101D903] TIROCINIO 2,26.94811320754717,212
[I0101D] INFERMIERISTICA (ABILITANTE ALLA PROFESSIONE SANITARIA DI INFERMIERE),[I0101D902] TIROCINIO 1,26.588983050847457,236
[I0101D] INFERMIERISTICA (ABILITANTE ALLA PROFESSIONE SANITARIA DI INFERMIERE),[I0101D018] SCIENZE UMANE E STORIA DELLA MEDICINA,25.748768472906406,203
[I0101D] INFERMIERISTICA (ABILITANTE ALLA PROFESSIONE SANITARIA DI INFERMIERE),[I0101D012] ASSISTENZA INFERMIERISTICA IN CHIRURGIA SPECIALISTICA,25.45398773006135,163
[I0101D] INFERMIERISTICA (ABILITANTE ALLA PROFESSIONE SANITARIA DI INFERMIERE),[I0101D016] MEDICINA CLINICA E DELLA DISABILITA',25.407035175879397,199
[I0101D] INFERMIERISTICA (ABILITANTE ALLA PROFESSIONE SANITARIA DI INFERMIERE),[I0101D007] SCIENZE UMANE,25.26,250
[I0101D] INFERMIERISTICA (ABILITANTE ALLA PROFESSIONE SANITARIA DI INFERMIERE),[I0101D006] METODOLOGIA CLINICA NELLE SCIENZE INFERMIERISTICHE,25.203389830508474,177
[I0101D] INFERMIERISTICA (ABILITANTE ALLA PROFESSIONE SANITARIA DI INFERMIERE),[I0101D014] PSICHIATRIA E PSICOLOGIA CLINICA,25.148325358851675,209
[I0101D] INFERMIERISTICA (ABILITANTE ALLA PROFESSIONE SANITARIA DI INFERMIERE),[I0101D901] FONDAMENTI DI SCIENZE INFERMIERISTICHE ED OSTETRICHE,24.897872340425533,235
[I0101D] INFERMIERISTICA (ABILITANTE ALLA PROFESSIONE SANITARIA DI INFERMIERE),[I0101D017] ASSISTENZA INFERMIERISTICA IN AREA CRITICA,24.714285714285715,189
[I0101D] INFERMIERISTICA (ABILITANTE ALLA PROFESSIONE SANITARIA DI INFERMIERE),[I0101D009] METODOLOGIA CLINICA INFERMIERISTICA 1,23.91866028708134,209
[I0101D] INFERMIERISTICA (ABILITANTE ALLA PROFESSIONE SANITARIA DI INFERMIERE),[I0101D005] SCIENZE BIOMEDICHE 2,23.75330396475771,227
[I0101D] INFERMIERISTICA (ABILITANTE ALLA PROFESSIONE SANITARIA DI INFERMIERE),[I0101D001] SCIENZE BIOMEDICHE 1,23.631782945736433,258
[I0101D] INFERMIERISTICA (ABILITANTE ALLA PROFESSIONE SANITARIA DI INFERMIERE),[I0101D025] METODOLOGIA CLINICA INFERMIERISTICA 2,23.362385321100916,218
[I0101D] INFERMIERISTICA (ABILITANTE ALLA PROFESSIONE SANITARIA DI INFERMIERE),"[I0101D003] IGIENE, MEDICINA DEL LAVORO E STATISTICA MEDICA",22.96842105263158,285
[I0101D] INFERMIERISTICA (ABILITANTE ALLA PROFESSIONE SANITARIA DI INFERMIERE),[I0101D015] ELEMENTI DI ORGANIZZAZIONE PROFESSIONALE,22.95336787564767,193
[I0101D] INFERMIERISTICA (ABILITANTE ALLA PROFESSIONE SANITARIA DI INFERMIERE),[I0101D004] FISIOLOGIA UMANA,21.184615384615384,130
[I0101D] INFERMIERISTICA (ABILITANTE ALLA PROFESSIONE SANITARIA DI INFERMIERE),[LING] LINGUA INGLESE,,193
[I0101D] INFERMIERISTICA (ABILITANTE ALLA PROFESSIONE SANITARIA DI INFERMIERE),[I0101D126] IL RUOLO DELL'INFERMIERE NEL PERCORSO DALLA DONAZIONE AL TRAPIANTO D'ORGANO E TESSUTI: ASPETTI CLINICI ED ORGANIZZATIVI,,49
[I0101D] INFERMIERISTICA (ABILITANTE ALLA PROFESSIONE SANITARIA DI INFERMIERE),[I0101D125] TRAPPOLE ED INSIDIE DEL PROCESSO DECISIONALE NELL'ESERCIZIO DELLA PROFESSIONE INFERMIERISTICA,,37
[I0101D] INFERMIERISTICA (ABILITANTE ALLA PROFESSIONE SANITARIA DI INFERMIERE),[I0101D123] MASS CASUALTY MANAGEMENT: IL RUOLO DEGLI INFERMIERI NELLA GESTIONE DEGLI EVENTI MAGGIORI,,57
[I0101D] INFERMIERISTICA (ABILITANTE ALLA PROFESSIONE SANITARIA DI INFERMIERE),[I0101D122] L'ASSISTENZA INFERMIERISTICA IN AMBITO PENITENZIARIO,,70
[I0101D] INFERMIERISTICA (ABILITANTE ALLA PROFESSIONE SANITARIA DI INFERMIERE),[I0101D120] L?ASSISTENZA INFERMIERISTICA ALLE PERSONE PORTATRICI DI STOMIA,,38
[I0101D] INFERMIERISTICA (ABILITANTE ALLA PROFESSIONE SANITARIA DI INFERMIERE),[I0101D119] L?ABUSO SESSUALE MINORILE ED IL RUOLO INFERMIERISTICO,,57
[I0101D] INFERMIERISTICA (ABILITANTE ALLA PROFESSIONE SANITARIA DI INFERMIERE),[I0101D118] ALCOLISMO E PROBLEMI ALCOLCORRELATI,,108
[I0101D] INFERMIERISTICA (ABILITANTE ALLA PROFESSIONE SANITARIA DI INFERMIERE),[I0101D117] SALUTE GLOBALE E EQUITA' IN SALUTE,,75
[I0101D] INFERMIERISTICA (ABILITANTE ALLA PROFESSIONE SANITARIA DI INFERMIERE),[I0101D116] LE MEDICAZIONI AVANZATE NEL TRATTAMENTO DELLE ULCERE CUTANEE CRONICHE,,105
[I0101D] INFERMIERISTICA (ABILITANTE ALLA PROFESSIONE SANITARIA DI INFERMIERE),[I0101D115] LE FERITE CHIRURGICHE E LE LESIONI DA PRESSIONE: LA PRATICA NEL WOUND CARE,,111
[I0101D] INFERMIERISTICA (ABILITANTE ALLA PROFESSIONE SANITARIA DI INFERMIERE),[I0101D112] LA RESPONSABILITA' PROFESSIONALE DELL'INFERMIERE ATTRAVERSO L'ANALISI DI CASI ASSISTENZIALI,,77
[I0101D] INFERMIERISTICA (ABILITANTE ALLA PROFESSIONE SANITARIA DI INFERMIERE),[I0101D111] LA NUTRIZIONE PARENTERALE ED ENTERALE: ASPETTI ORGANIZZATIVI ED OPERATIVI,,77
[I0101D] INFERMIERISTICA (ABILITANTE ALLA PROFESSIONE SANITARIA DI INFERMIERE),[I0101D110] LA CURA DELLA RELAZIONE NELL?INFERMIERE,,98
[I0101D] INFERMIERISTICA (ABILITANTE ALLA PROFESSIONE SANITARIA DI INFERMIERE),[I0101D109] IL PROCESSO DI DONAZIONE D'ORGANO: L'ASSISTENZA INFERMIERISTICA ALLA PERSONA POTENZIALE DONATORE D'ORGANO,,77
[I0101D] INFERMIERISTICA (ABILITANTE ALLA PROFESSIONE SANITARIA DI INFERMIERE),[I0101D107] LETTURA E INTERPRETAZIONE DELL?E.C.G.,,126
[I0101D] INFERMIERISTICA (ABILITANTE ALLA PROFESSIONE SANITARIA DI INFERMIERE),"[I0101D106] LE PROCEDURE ENDOSCOPICHE DIGESTIVE, RESPIRATORIE, UROLOGICHE",,36
[I0101D] INFERMIERISTICA (ABILITANTE ALLA PROFESSIONE SANITARIA DI INFERMIERE),[I0101D103] L?ASSISTENZA ALLA PERSONA AFFETTA DA MALATTIA DI ALZHEIMER,,129
[I0101D] INFERMIERISTICA (ABILITANTE ALLA PROFESSIONE SANITARIA DI INFERMIERE),[I0101D102] IL SOCCORSO ALPINO,,62
[I0101D] INFERMIERISTICA (ABILITANTE ALLA PROFESSIONE SANITARIA DI INFERMIERE),[I0101D101] APPROFONDIMENTI IN DERMATOLOGIA CLINICA,,66
[I0101D] INFERMIERISTICA (ABILITANTE ALLA PROFESSIONE SANITARIA DI INFERMIERE),[I0101D024] SEMINARI METODOLOGICI 2,,210
[I0101D] INFERMIERISTICA (ABILITANTE ALLA PROFESSIONE SANITARIA DI INFERMIERE),[I0101D023] SEMINARI METODOLOGICI 1,,227
[I0101D] INFERMIERISTICA (ABILITANTE ALLA PROFESSIONE SANITARIA DI INFERMIERE),[I0101D022] LABORATORI PROFESSIONALIZZANTI 2,,226
[I0101D] INFERMIERISTICA (ABILITANTE ALLA PROFESSIONE SANITARIA DI INFERMIERE),[I0101D021] LABORATORI PROFESSIONALIZZANTI 1,,253
[I0102D] OSTETRICIA (ABILITANTE ALLA PROFESSIONE SANITARIA DI OSTETRICA/O),[I0102D111] TIROCINIO 1,28.3125,32
[I0102D] OSTETRICIA (ABILITANTE ALLA PROFESSIONE SANITARIA DI OSTETRICA/O),[I0102D901] FONDAMENTI DI SCIENZE INFERMIERISTICHE ED OSTETRICHE,27.78787878787879,33
[I0102D] OSTETRICIA (ABILITANTE ALLA PROFESSIONE SANITARIA DI OSTETRICA/O),[I0102D902] METODOLOGIA CLINICA NELLE SCIENZE OSTETRICO-GINECOLOGICHE E NEONATALI,27.125,32
[I0102D] OSTETRICIA (ABILITANTE ALLA PROFESSIONE SANITARIA DI OSTETRICA/O),[I0102D016] LEGISLAZIONE E ORGANIZZAZIONE SANITARIA,25.96875,32
[I0102D] OSTETRICIA (ABILITANTE ALLA PROFESSIONE SANITARIA DI OSTETRICA/O),[I0102D122] EDUCAZIONE ALL'AFFETTIVITA' E SESSUALITA',,36
[I0102D] OSTETRICIA (ABILITANTE ALLA PROFESSIONE SANITARIA DI OSTETRICA/O),[I0102D024] SEMINARI METODOLOGICI 2,,31
[I0102D] OSTETRICIA (ABILITANTE ALLA PROFESSIONE SANITARIA DI OSTETRICA/O),[I0102D021] LABORATORI PROFESSIONALIZZANTI 1,,34
[I0201D] FISIOTERAPIA (ABILITANTE ALLA PROFESSIONE SANITARIA DI FISIOTERAPISTA),[I0201D120] TIROCINIO III,28.807692307692307,52
[I0201D] FISIOTERAPIA (ABILITANTE ALLA PROFESSIONE SANITARIA DI FISIOTERAPISTA),[I0201D107] TIROCINIO I,28.775862068965516,58
[I0201D] FISIOTERAPIA (ABILITANTE ALLA PROFESSIONE SANITARIA DI FISIOTERAPISTA),[I0201D114] TIROCINIO II,28.37037037037037,54
[I0201D] FISIOTERAPIA (ABILITANTE ALLA PROFESSIONE SANITARIA DI FISIOTERAPISTA),[I0201D105] FONDAMENTI FISIOPATOLOGICI,27.45762711864407,59
[I0201D] FISIOTERAPIA (ABILITANTE ALLA PROFESSIONE SANITARIA DI FISIOTERAPISTA),[I0201D116] VALUTAZIONE TRATTAMENTO DEL SISTEMA DI MOVIMENTO,27.2,50
[I0201D] FISIOTERAPIA (ABILITANTE ALLA PROFESSIONE SANITARIA DI FISIOTERAPISTA),[I0201D119] RESPONSABILITA? PROFESSIONALI FORMATIVE E GESTIONALI ED ORGANIZZAZIONE SANITARIA,26.096153846153847,52
[I0201D] FISIOTERAPIA (ABILITANTE ALLA PROFESSIONE SANITARIA DI FISIOTERAPISTA),[I0201D102] TECNICHE ISPETTIVE E OSSERVAZIONALI,25.8135593220339,59
[I0201D] FISIOTERAPIA (ABILITANTE ALLA PROFESSIONE SANITARIA DI FISIOTERAPISTA),[I0201D111] CLINICA DELL?APPARATO OSTEOARTICOLARE,25.48148148148148,54
[I0201D] FISIOTERAPIA (ABILITANTE ALLA PROFESSIONE SANITARIA DI FISIOTERAPISTA),[I0201D118] TECNICHE SPECIALISTICHE,25.46153846153846,52
[I0201D] FISIOTERAPIA (ABILITANTE ALLA PROFESSIONE SANITARIA DI FISIOTERAPISTA),[I0201D110] RADIAZIONI E RIABILITAZIONE,25.22222222222222,54
[I0201D] FISIOTERAPIA (ABILITANTE ALLA PROFESSIONE SANITARIA DI FISIOTERAPISTA),[I0201D122] CLINICA CARDIO-POLMONARE,25.09259259259259,54
[I0201D] FISIOTERAPIA (ABILITANTE ALLA PROFESSIONE SANITARIA DI FISIOTERAPISTA),[I0201D103] METODOLOGIA DELLA RIABILITAZIONE,24.894736842105264,57
[I0201D] FISIOTERAPIA (ABILITANTE ALLA PROFESSIONE SANITARIA DI FISIOTERAPISTA),[I0201D100] BASI DEL MOVIMENTO,24.875,56
[I0201D] FISIOTERAPIA (ABILITANTE ALLA PROFESSIONE SANITARIA DI FISIOTERAPISTA),[I0201D121] VALUTAZIONE DEL SISTEMA MOTORIO,24.58490566037736,53
[I0201D] FISIOTERAPIA (ABILITANTE ALLA PROFESSIONE SANITARIA DI FISIOTERAPISTA),[I0201D109] TECNICHE NEURORIABILITATIVE,24,54
[I0201D] FISIOTERAPIA (ABILITANTE ALLA PROFESSIONE SANITARIA DI FISIOTERAPISTA),[I0201D117] RIABILITAZIONE COGNITIVA,23.80392156862745,51
[I0201D] FISIOTERAPIA (ABILITANTE ALLA PROFESSIONE SANITARIA DI FISIOTERAPISTA),[I0201D115] MEDICINA RIABILITATIVA,23.470588235294116,51
[I0201D] FISIOTERAPIA (ABILITANTE ALLA PROFESSIONE SANITARIA DI FISIOTERAPISTA),[I0201D108] NEUROPSICHIATRIA NEUROFISIOLOGIA E SVILUPPO,21.537037037037038,54
[I0201D] FISIOTERAPIA (ABILITANTE ALLA PROFESSIONE SANITARIA DI FISIOTERAPISTA),[I0201D101] CINESIOLOGIA,20.983050847457626,59
[I0201D] FISIOTERAPIA (ABILITANTE ALLA PROFESSIONE SANITARIA DI FISIOTERAPISTA),[LING] LINGUA INGLESE,,32
[I0201D] FISIOTERAPIA (ABILITANTE ALLA PROFESSIONE SANITARIA DI FISIOTERAPISTA),[I0201D113] SEMINARI TECNOLOGICI,,53
[I0201D] FISIOTERAPIA (ABILITANTE ALLA PROFESSIONE SANITARIA DI FISIOTERAPISTA),[I0201D106] SEMINARI TEORETICI,,56
[I0201D] FISIOTERAPIA (ABILITANTE ALLA PROFESSIONE SANITARIA DI FISIOTERAPISTA),[I0201D013] LABORATORI PROFESSIONALIZZANTI,,53
[I0301D] IGIENE DENTALE (ABILITANTE ALLA PROFESSIONE SANITARIA DI IGIENISTA DENTALE),[I0301D026] TECNICHE INNOVATIVE NEL PAZIENTE PEDIATRICO ED ADULTO-GERIATRICO,,31
